index,parameters,max_depth,n_estimators,training,validation,overfit_%
0,"{'rf_class__max_depth': 2, 'rf_class__n_estimators': 2}",2,2,0.657657658,0.125,-80.99315068
1,"{'rf_class__max_depth': 2, 'rf_class__n_estimators': 2}",2,2,0.531531532,0.75,41.10169492
2,"{'rf_class__max_depth': 2, 'rf_class__n_estimators': 2}",2,2,0.567567568,0.625,10.11904762
3,"{'rf_class__max_depth': 2, 'rf_class__n_estimators': 2}",2,2,0.531531532,0.25,-52.96610169
4,"{'rf_class__max_depth': 2, 'rf_class__n_estimators': 2}",2,2,0.522522523,0.25,-52.15517241
5,"{'rf_class__max_depth': 2, 'rf_class__n_estimators': 2}",2,2,0.603603604,0.625,3.544776119
6,"{'rf_class__max_depth': 2, 'rf_class__n_estimators': 2}",2,2,0.612612613,0.625,2.022058824
7,"{'rf_class__max_depth': 2, 'rf_class__n_estimators': 2}",2,2,0.567567568,0.5,-11.9047619
8,"{'rf_class__max_depth': 2, 'rf_class__n_estimators': 2}",2,2,0.594594595,0.5,-15.90909091
9,"{'rf_class__max_depth': 2, 'rf_class__n_estimators': 2}",2,2,0.531531532,0.375,-29.44915254
10,"{'rf_class__max_depth': 2, 'rf_class__n_estimators': 2}",2,2,0.513513514,0.625,21.71052632
11,"{'rf_class__max_depth': 2, 'rf_class__n_estimators': 2}",2,2,0.495495495,0.75,51.36363636
12,"{'rf_class__max_depth': 2, 'rf_class__n_estimators': 2}",2,2,0.495495495,0.375,-24.31818182
13,"{'rf_class__max_depth': 2, 'rf_class__n_estimators': 2}",2,2,0.414414414,0.375,-9.510869565
14,"{'rf_class__max_depth': 2, 'rf_class__n_estimators': 2}",2,2,0.446428571,0.571428571,28
15,"{'rf_class__max_depth': 2, 'rf_class__n_estimators': 3}",2,3,0.675675676,0.375,-44.5
16,"{'rf_class__max_depth': 2, 'rf_class__n_estimators': 3}",2,3,0.657657658,1,52.05479452
17,"{'rf_class__max_depth': 2, 'rf_class__n_estimators': 3}",2,3,0.675675676,0.75,11
18,"{'rf_class__max_depth': 2, 'rf_class__n_estimators': 3}",2,3,0.63963964,0.125,-80.45774648
19,"{'rf_class__max_depth': 2, 'rf_class__n_estimators': 3}",2,3,0.702702703,0.5,-28.84615385
20,"{'rf_class__max_depth': 2, 'rf_class__n_estimators': 3}",2,3,0.675675676,0.75,11
21,"{'rf_class__max_depth': 2, 'rf_class__n_estimators': 3}",2,3,0.603603604,0.625,3.544776119
22,"{'rf_class__max_depth': 2, 'rf_class__n_estimators': 3}",2,3,0.63963964,0.5,-21.83098592
23,"{'rf_class__max_depth': 2, 'rf_class__n_estimators': 3}",2,3,0.630630631,0.125,-80.17857143
24,"{'rf_class__max_depth': 2, 'rf_class__n_estimators': 3}",2,3,0.63963964,0.625,-2.288732394
25,"{'rf_class__max_depth': 2, 'rf_class__n_estimators': 3}",2,3,0.612612613,0.875,42.83088235
26,"{'rf_class__max_depth': 2, 'rf_class__n_estimators': 3}",2,3,0.585585586,0.5,-14.61538462
27,"{'rf_class__max_depth': 2, 'rf_class__n_estimators': 3}",2,3,0.540540541,0.375,-30.625
28,"{'rf_class__max_depth': 2, 'rf_class__n_estimators': 3}",2,3,0.567567568,0.5,-11.9047619
29,"{'rf_class__max_depth': 2, 'rf_class__n_estimators': 3}",2,3,0.553571429,0.571428571,3.225806452
30,"{'rf_class__max_depth': 2, 'rf_class__n_estimators': 4}",2,4,0.684684685,0.375,-45.23026316
31,"{'rf_class__max_depth': 2, 'rf_class__n_estimators': 4}",2,4,0.648648649,1,54.16666667
32,"{'rf_class__max_depth': 2, 'rf_class__n_estimators': 4}",2,4,0.603603604,0.75,24.25373134
33,"{'rf_class__max_depth': 2, 'rf_class__n_estimators': 4}",2,4,0.648648649,0.375,-42.1875
34,"{'rf_class__max_depth': 2, 'rf_class__n_estimators': 4}",2,4,0.603603604,0.375,-37.87313433
35,"{'rf_class__max_depth': 2, 'rf_class__n_estimators': 4}",2,4,0.675675676,0.75,11
36,"{'rf_class__max_depth': 2, 'rf_class__n_estimators': 4}",2,4,0.567567568,0.375,-33.92857143
37,"{'rf_class__max_depth': 2, 'rf_class__n_estimators': 4}",2,4,0.621621622,0.625,0.543478261
38,"{'rf_class__max_depth': 2, 'rf_class__n_estimators': 4}",2,4,0.711711712,0.25,-64.87341772
39,"{'rf_class__max_depth': 2, 'rf_class__n_estimators': 4}",2,4,0.666666667,0.5,-25
40,"{'rf_class__max_depth': 2, 'rf_class__n_estimators': 4}",2,4,0.63963964,0.75,17.25352113
41,"{'rf_class__max_depth': 2, 'rf_class__n_estimators': 4}",2,4,0.630630631,0.625,-0.892857143
42,"{'rf_class__max_depth': 2, 'rf_class__n_estimators': 4}",2,4,0.567567568,0.625,10.11904762
43,"{'rf_class__max_depth': 2, 'rf_class__n_estimators': 4}",2,4,0.540540541,0.5,-7.5
44,"{'rf_class__max_depth': 2, 'rf_class__n_estimators': 4}",2,4,0.553571429,0.571428571,3.225806452
45,"{'rf_class__max_depth': 2, 'rf_class__n_estimators': 5}",2,5,0.720720721,0.25,-65.3125
46,"{'rf_class__max_depth': 2, 'rf_class__n_estimators': 5}",2,5,0.666666667,0.75,12.5
47,"{'rf_class__max_depth': 2, 'rf_class__n_estimators': 5}",2,5,0.630630631,0.75,18.92857143
48,"{'rf_class__max_depth': 2, 'rf_class__n_estimators': 5}",2,5,0.657657658,0.25,-61.98630137
49,"{'rf_class__max_depth': 2, 'rf_class__n_estimators': 5}",2,5,0.72972973,0.375,-48.61111111
50,"{'rf_class__max_depth': 2, 'rf_class__n_estimators': 5}",2,5,0.675675676,0.75,11
51,"{'rf_class__max_depth': 2, 'rf_class__n_estimators': 5}",2,5,0.585585586,0.375,-35.96153846
52,"{'rf_class__max_depth': 2, 'rf_class__n_estimators': 5}",2,5,0.612612613,0.625,2.022058824
53,"{'rf_class__max_depth': 2, 'rf_class__n_estimators': 5}",2,5,0.693693694,0.625,-9.902597403
54,"{'rf_class__max_depth': 2, 'rf_class__n_estimators': 5}",2,5,0.684684685,0.75,9.539473684
55,"{'rf_class__max_depth': 2, 'rf_class__n_estimators': 5}",2,5,0.594594595,0.875,47.15909091
56,"{'rf_class__max_depth': 2, 'rf_class__n_estimators': 5}",2,5,0.666666667,0.625,-6.25
57,"{'rf_class__max_depth': 2, 'rf_class__n_estimators': 5}",2,5,0.594594595,0.75,26.13636364
58,"{'rf_class__max_depth': 2, 'rf_class__n_estimators': 5}",2,5,0.477477477,0.375,-21.46226415
59,"{'rf_class__max_depth': 2, 'rf_class__n_estimators': 5}",2,5,0.607142857,0.571428571,-5.882352941
60,"{'rf_class__max_depth': 2, 'rf_class__n_estimators': 6}",2,6,0.711711712,0.25,-64.87341772
61,"{'rf_class__max_depth': 2, 'rf_class__n_estimators': 6}",2,6,0.603603604,0.625,3.544776119
62,"{'rf_class__max_depth': 2, 'rf_class__n_estimators': 6}",2,6,0.612612613,0.75,22.42647059
63,"{'rf_class__max_depth': 2, 'rf_class__n_estimators': 6}",2,6,0.693693694,0.5,-27.92207792
64,"{'rf_class__max_depth': 2, 'rf_class__n_estimators': 6}",2,6,0.72972973,0.5,-31.48148148
65,"{'rf_class__max_depth': 2, 'rf_class__n_estimators': 6}",2,6,0.702702703,0.625,-11.05769231
66,"{'rf_class__max_depth': 2, 'rf_class__n_estimators': 6}",2,6,0.621621622,0.5,-19.56521739
67,"{'rf_class__max_depth': 2, 'rf_class__n_estimators': 6}",2,6,0.603603604,0.625,3.544776119
68,"{'rf_class__max_depth': 2, 'rf_class__n_estimators': 6}",2,6,0.666666667,0.375,-43.75
69,"{'rf_class__max_depth': 2, 'rf_class__n_estimators': 6}",2,6,0.621621622,0.5,-19.56521739
70,"{'rf_class__max_depth': 2, 'rf_class__n_estimators': 6}",2,6,0.630630631,0.75,18.92857143
71,"{'rf_class__max_depth': 2, 'rf_class__n_estimators': 6}",2,6,0.702702703,0.75,6.730769231
72,"{'rf_class__max_depth': 2, 'rf_class__n_estimators': 6}",2,6,0.612612613,0.75,22.42647059
73,"{'rf_class__max_depth': 2, 'rf_class__n_estimators': 6}",2,6,0.522522523,0.25,-52.15517241
74,"{'rf_class__max_depth': 2, 'rf_class__n_estimators': 6}",2,6,0.598214286,0.571428571,-4.47761194
75,"{'rf_class__max_depth': 2, 'rf_class__n_estimators': 7}",2,7,0.684684685,0.25,-63.48684211
76,"{'rf_class__max_depth': 2, 'rf_class__n_estimators': 7}",2,7,0.675675676,0.625,-7.5
77,"{'rf_class__max_depth': 2, 'rf_class__n_estimators': 7}",2,7,0.594594595,0.75,26.13636364
78,"{'rf_class__max_depth': 2, 'rf_class__n_estimators': 7}",2,7,0.702702703,0.375,-46.63461538
79,"{'rf_class__max_depth': 2, 'rf_class__n_estimators': 7}",2,7,0.738738739,0.375,-49.23780488
80,"{'rf_class__max_depth': 2, 'rf_class__n_estimators': 7}",2,7,0.72972973,0.625,-14.35185185
81,"{'rf_class__max_depth': 2, 'rf_class__n_estimators': 7}",2,7,0.594594595,0.5,-15.90909091
82,"{'rf_class__max_depth': 2, 'rf_class__n_estimators': 7}",2,7,0.648648649,0.625,-3.645833333
83,"{'rf_class__max_depth': 2, 'rf_class__n_estimators': 7}",2,7,0.630630631,0.5,-20.71428571
84,"{'rf_class__max_depth': 2, 'rf_class__n_estimators': 7}",2,7,0.621621622,0.625,0.543478261
85,"{'rf_class__max_depth': 2, 'rf_class__n_estimators': 7}",2,7,0.657657658,0.625,-4.965753425
86,"{'rf_class__max_depth': 2, 'rf_class__n_estimators': 7}",2,7,0.693693694,0.625,-9.902597403
87,"{'rf_class__max_depth': 2, 'rf_class__n_estimators': 7}",2,7,0.576576577,0.875,51.7578125
88,"{'rf_class__max_depth': 2, 'rf_class__n_estimators': 7}",2,7,0.504504505,0.5,-0.892857143
89,"{'rf_class__max_depth': 2, 'rf_class__n_estimators': 7}",2,7,0.607142857,0.571428571,-5.882352941
90,"{'rf_class__max_depth': 3, 'rf_class__n_estimators': 2}",3,2,0.513513514,0.375,-26.97368421
91,"{'rf_class__max_depth': 3, 'rf_class__n_estimators': 2}",3,2,0.594594595,0.75,26.13636364
92,"{'rf_class__max_depth': 3, 'rf_class__n_estimators': 2}",3,2,0.603603604,0.5,-17.1641791
93,"{'rf_class__max_depth': 3, 'rf_class__n_estimators': 2}",3,2,0.621621622,0.25,-59.7826087
94,"{'rf_class__max_depth': 3, 'rf_class__n_estimators': 2}",3,2,0.63963964,0.25,-60.91549296
95,"{'rf_class__max_depth': 3, 'rf_class__n_estimators': 2}",3,2,0.666666667,0.5,-25
96,"{'rf_class__max_depth': 3, 'rf_class__n_estimators': 2}",3,2,0.567567568,0.5,-11.9047619
97,"{'rf_class__max_depth': 3, 'rf_class__n_estimators': 2}",3,2,0.621621622,0.5,-19.56521739
98,"{'rf_class__max_depth': 3, 'rf_class__n_estimators': 2}",3,2,0.585585586,0.5,-14.61538462
99,"{'rf_class__max_depth': 3, 'rf_class__n_estimators': 2}",3,2,0.720720721,0.5,-30.625
100,"{'rf_class__max_depth': 3, 'rf_class__n_estimators': 2}",3,2,0.567567568,0.375,-33.92857143
101,"{'rf_class__max_depth': 3, 'rf_class__n_estimators': 2}",3,2,0.531531532,0.625,17.58474576
102,"{'rf_class__max_depth': 3, 'rf_class__n_estimators': 2}",3,2,0.513513514,0.625,21.71052632
103,"{'rf_class__max_depth': 3, 'rf_class__n_estimators': 2}",3,2,0.594594595,0.625,5.113636364
104,"{'rf_class__max_depth': 3, 'rf_class__n_estimators': 2}",3,2,0.598214286,0.714285714,19.40298507
105,"{'rf_class__max_depth': 3, 'rf_class__n_estimators': 3}",3,3,0.603603604,0.375,-37.87313433
106,"{'rf_class__max_depth': 3, 'rf_class__n_estimators': 3}",3,3,0.603603604,0.75,24.25373134
107,"{'rf_class__max_depth': 3, 'rf_class__n_estimators': 3}",3,3,0.63963964,0.75,17.25352113
108,"{'rf_class__max_depth': 3, 'rf_class__n_estimators': 3}",3,3,0.540540541,0.375,-30.625
109,"{'rf_class__max_depth': 3, 'rf_class__n_estimators': 3}",3,3,0.738738739,0.5,-32.31707317
110,"{'rf_class__max_depth': 3, 'rf_class__n_estimators': 3}",3,3,0.702702703,0.625,-11.05769231
111,"{'rf_class__max_depth': 3, 'rf_class__n_estimators': 3}",3,3,0.621621622,0.5,-19.56521739
112,"{'rf_class__max_depth': 3, 'rf_class__n_estimators': 3}",3,3,0.576576577,0.5,-13.28125
113,"{'rf_class__max_depth': 3, 'rf_class__n_estimators': 3}",3,3,0.630630631,0.625,-0.892857143
114,"{'rf_class__max_depth': 3, 'rf_class__n_estimators': 3}",3,3,0.666666667,0.375,-43.75
115,"{'rf_class__max_depth': 3, 'rf_class__n_estimators': 3}",3,3,0.684684685,0.5,-26.97368421
116,"{'rf_class__max_depth': 3, 'rf_class__n_estimators': 3}",3,3,0.486486486,0.5,2.777777778
117,"{'rf_class__max_depth': 3, 'rf_class__n_estimators': 3}",3,3,0.612612613,0.75,22.42647059
118,"{'rf_class__max_depth': 3, 'rf_class__n_estimators': 3}",3,3,0.621621622,0.625,0.543478261
119,"{'rf_class__max_depth': 3, 'rf_class__n_estimators': 3}",3,3,0.642857143,0.571428571,-11.11111111
120,"{'rf_class__max_depth': 3, 'rf_class__n_estimators': 4}",3,4,0.675675676,0.5,-26
121,"{'rf_class__max_depth': 3, 'rf_class__n_estimators': 4}",3,4,0.630630631,0.625,-0.892857143
122,"{'rf_class__max_depth': 3, 'rf_class__n_estimators': 4}",3,4,0.657657658,0.625,-4.965753425
123,"{'rf_class__max_depth': 3, 'rf_class__n_estimators': 4}",3,4,0.63963964,0.25,-60.91549296
124,"{'rf_class__max_depth': 3, 'rf_class__n_estimators': 4}",3,4,0.684684685,0.375,-45.23026316
125,"{'rf_class__max_depth': 3, 'rf_class__n_estimators': 4}",3,4,0.666666667,0.75,12.5
126,"{'rf_class__max_depth': 3, 'rf_class__n_estimators': 4}",3,4,0.666666667,0.375,-43.75
127,"{'rf_class__max_depth': 3, 'rf_class__n_estimators': 4}",3,4,0.648648649,0.625,-3.645833333
128,"{'rf_class__max_depth': 3, 'rf_class__n_estimators': 4}",3,4,0.657657658,0.25,-61.98630137
129,"{'rf_class__max_depth': 3, 'rf_class__n_estimators': 4}",3,4,0.657657658,0.5,-23.97260274
130,"{'rf_class__max_depth': 3, 'rf_class__n_estimators': 4}",3,4,0.675675676,0.375,-44.5
131,"{'rf_class__max_depth': 3, 'rf_class__n_estimators': 4}",3,4,0.558558559,0.375,-32.86290323
132,"{'rf_class__max_depth': 3, 'rf_class__n_estimators': 4}",3,4,0.603603604,0.375,-37.87313433
133,"{'rf_class__max_depth': 3, 'rf_class__n_estimators': 4}",3,4,0.585585586,0.625,6.730769231
134,"{'rf_class__max_depth': 3, 'rf_class__n_estimators': 4}",3,4,0.705357143,0.714285714,1.265822785
135,"{'rf_class__max_depth': 3, 'rf_class__n_estimators': 5}",3,5,0.738738739,0.375,-49.23780488
136,"{'rf_class__max_depth': 3, 'rf_class__n_estimators': 5}",3,5,0.63963964,0.375,-41.37323944
137,"{'rf_class__max_depth': 3, 'rf_class__n_estimators': 5}",3,5,0.675675676,0.75,11
138,"{'rf_class__max_depth': 3, 'rf_class__n_estimators': 5}",3,5,0.72972973,0.375,-48.61111111
139,"{'rf_class__max_depth': 3, 'rf_class__n_estimators': 5}",3,5,0.711711712,0.375,-47.31012658
140,"{'rf_class__max_depth': 3, 'rf_class__n_estimators': 5}",3,5,0.675675676,0.625,-7.5
141,"{'rf_class__max_depth': 3, 'rf_class__n_estimators': 5}",3,5,0.657657658,0.5,-23.97260274
142,"{'rf_class__max_depth': 3, 'rf_class__n_estimators': 5}",3,5,0.594594595,0.625,5.113636364
143,"{'rf_class__max_depth': 3, 'rf_class__n_estimators': 5}",3,5,0.702702703,0.5,-28.84615385
144,"{'rf_class__max_depth': 3, 'rf_class__n_estimators': 5}",3,5,0.666666667,0.5,-25
145,"{'rf_class__max_depth': 3, 'rf_class__n_estimators': 5}",3,5,0.684684685,0.5,-26.97368421
146,"{'rf_class__max_depth': 3, 'rf_class__n_estimators': 5}",3,5,0.612612613,0.5,-18.38235294
147,"{'rf_class__max_depth': 3, 'rf_class__n_estimators': 5}",3,5,0.657657658,0.875,33.04794521
148,"{'rf_class__max_depth': 3, 'rf_class__n_estimators': 5}",3,5,0.594594595,0.625,5.113636364
149,"{'rf_class__max_depth': 3, 'rf_class__n_estimators': 5}",3,5,0.705357143,0.714285714,1.265822785
150,"{'rf_class__max_depth': 3, 'rf_class__n_estimators': 6}",3,6,0.747747748,0.375,-49.84939759
151,"{'rf_class__max_depth': 3, 'rf_class__n_estimators': 6}",3,6,0.675675676,0.5,-26
152,"{'rf_class__max_depth': 3, 'rf_class__n_estimators': 6}",3,6,0.693693694,0.75,8.116883117
153,"{'rf_class__max_depth': 3, 'rf_class__n_estimators': 6}",3,6,0.774774775,0.375,-51.59883721
154,"{'rf_class__max_depth': 3, 'rf_class__n_estimators': 6}",3,6,0.720720721,0.5,-30.625
155,"{'rf_class__max_depth': 3, 'rf_class__n_estimators': 6}",3,6,0.675675676,0.5,-26
156,"{'rf_class__max_depth': 3, 'rf_class__n_estimators': 6}",3,6,0.693693694,0.5,-27.92207792
157,"{'rf_class__max_depth': 3, 'rf_class__n_estimators': 6}",3,6,0.657657658,0.625,-4.965753425
158,"{'rf_class__max_depth': 3, 'rf_class__n_estimators': 6}",3,6,0.747747748,0.625,-16.41566265
159,"{'rf_class__max_depth': 3, 'rf_class__n_estimators': 6}",3,6,0.675675676,0.375,-44.5
160,"{'rf_class__max_depth': 3, 'rf_class__n_estimators': 6}",3,6,0.675675676,0.625,-7.5
161,"{'rf_class__max_depth': 3, 'rf_class__n_estimators': 6}",3,6,0.666666667,0.625,-6.25
162,"{'rf_class__max_depth': 3, 'rf_class__n_estimators': 6}",3,6,0.63963964,0.75,17.25352113
163,"{'rf_class__max_depth': 3, 'rf_class__n_estimators': 6}",3,6,0.567567568,0.5,-11.9047619
164,"{'rf_class__max_depth': 3, 'rf_class__n_estimators': 6}",3,6,0.705357143,0.714285714,1.265822785
165,"{'rf_class__max_depth': 3, 'rf_class__n_estimators': 7}",3,7,0.765765766,0.375,-51.02941176
166,"{'rf_class__max_depth': 3, 'rf_class__n_estimators': 7}",3,7,0.720720721,0.5,-30.625
167,"{'rf_class__max_depth': 3, 'rf_class__n_estimators': 7}",3,7,0.702702703,0.75,6.730769231
168,"{'rf_class__max_depth': 3, 'rf_class__n_estimators': 7}",3,7,0.72972973,0.25,-65.74074074
169,"{'rf_class__max_depth': 3, 'rf_class__n_estimators': 7}",3,7,0.765765766,0.375,-51.02941176
170,"{'rf_class__max_depth': 3, 'rf_class__n_estimators': 7}",3,7,0.693693694,0.5,-27.92207792
171,"{'rf_class__max_depth': 3, 'rf_class__n_estimators': 7}",3,7,0.684684685,0.5,-26.97368421
172,"{'rf_class__max_depth': 3, 'rf_class__n_estimators': 7}",3,7,0.72972973,0.625,-14.35185185
173,"{'rf_class__max_depth': 3, 'rf_class__n_estimators': 7}",3,7,0.711711712,0.625,-12.1835443
174,"{'rf_class__max_depth': 3, 'rf_class__n_estimators': 7}",3,7,0.756756757,0.5,-33.92857143
175,"{'rf_class__max_depth': 3, 'rf_class__n_estimators': 7}",3,7,0.72972973,0.5,-31.48148148
176,"{'rf_class__max_depth': 3, 'rf_class__n_estimators': 7}",3,7,0.693693694,0.625,-9.902597403
177,"{'rf_class__max_depth': 3, 'rf_class__n_estimators': 7}",3,7,0.666666667,0.625,-6.25
178,"{'rf_class__max_depth': 3, 'rf_class__n_estimators': 7}",3,7,0.594594595,0.375,-36.93181818
179,"{'rf_class__max_depth': 3, 'rf_class__n_estimators': 7}",3,7,0.723214286,0.714285714,-1.234567901
180,"{'rf_class__max_depth': 4, 'rf_class__n_estimators': 2}",4,2,0.648648649,0.375,-42.1875
181,"{'rf_class__max_depth': 4, 'rf_class__n_estimators': 2}",4,2,0.684684685,0.875,27.79605263
182,"{'rf_class__max_depth': 4, 'rf_class__n_estimators': 2}",4,2,0.612612613,0.75,22.42647059
183,"{'rf_class__max_depth': 4, 'rf_class__n_estimators': 2}",4,2,0.441441441,0.125,-71.68367347
184,"{'rf_class__max_depth': 4, 'rf_class__n_estimators': 2}",4,2,0.684684685,0.25,-63.48684211
185,"{'rf_class__max_depth': 4, 'rf_class__n_estimators': 2}",4,2,0.63963964,0.375,-41.37323944
186,"{'rf_class__max_depth': 4, 'rf_class__n_estimators': 2}",4,2,0.657657658,0.75,14.04109589
187,"{'rf_class__max_depth': 4, 'rf_class__n_estimators': 2}",4,2,0.567567568,0.625,10.11904762
188,"{'rf_class__max_depth': 4, 'rf_class__n_estimators': 2}",4,2,0.702702703,0.25,-64.42307692
189,"{'rf_class__max_depth': 4, 'rf_class__n_estimators': 2}",4,2,0.621621622,0.5,-19.56521739
190,"{'rf_class__max_depth': 4, 'rf_class__n_estimators': 2}",4,2,0.621621622,0.375,-39.67391304
191,"{'rf_class__max_depth': 4, 'rf_class__n_estimators': 2}",4,2,0.540540541,0.75,38.75
192,"{'rf_class__max_depth': 4, 'rf_class__n_estimators': 2}",4,2,0.666666667,0.25,-62.5
193,"{'rf_class__max_depth': 4, 'rf_class__n_estimators': 2}",4,2,0.603603604,0.375,-37.87313433
194,"{'rf_class__max_depth': 4, 'rf_class__n_estimators': 2}",4,2,0.616071429,0.285714286,-53.62318841
195,"{'rf_class__max_depth': 4, 'rf_class__n_estimators': 3}",4,3,0.693693694,0.375,-45.94155844
196,"{'rf_class__max_depth': 4, 'rf_class__n_estimators': 3}",4,3,0.738738739,0.75,1.524390244
197,"{'rf_class__max_depth': 4, 'rf_class__n_estimators': 3}",4,3,0.702702703,0.875,24.51923077
198,"{'rf_class__max_depth': 4, 'rf_class__n_estimators': 3}",4,3,0.603603604,0.125,-79.29104478
199,"{'rf_class__max_depth': 4, 'rf_class__n_estimators': 3}",4,3,0.756756757,0.375,-50.44642857
200,"{'rf_class__max_depth': 4, 'rf_class__n_estimators': 3}",4,3,0.72972973,0.375,-48.61111111
201,"{'rf_class__max_depth': 4, 'rf_class__n_estimators': 3}",4,3,0.603603604,0.625,3.544776119
202,"{'rf_class__max_depth': 4, 'rf_class__n_estimators': 3}",4,3,0.72972973,0.875,19.90740741
203,"{'rf_class__max_depth': 4, 'rf_class__n_estimators': 3}",4,3,0.675675676,0.375,-44.5
204,"{'rf_class__max_depth': 4, 'rf_class__n_estimators': 3}",4,3,0.630630631,0.5,-20.71428571
205,"{'rf_class__max_depth': 4, 'rf_class__n_estimators': 3}",4,3,0.720720721,0.625,-13.28125
206,"{'rf_class__max_depth': 4, 'rf_class__n_estimators': 3}",4,3,0.621621622,0.5,-19.56521739
207,"{'rf_class__max_depth': 4, 'rf_class__n_estimators': 3}",4,3,0.711711712,0.25,-64.87341772
208,"{'rf_class__max_depth': 4, 'rf_class__n_estimators': 3}",4,3,0.738738739,0.5,-32.31707317
209,"{'rf_class__max_depth': 4, 'rf_class__n_estimators': 3}",4,3,0.75,0.714285714,-4.761904762
210,"{'rf_class__max_depth': 4, 'rf_class__n_estimators': 4}",4,4,0.747747748,0.375,-49.84939759
211,"{'rf_class__max_depth': 4, 'rf_class__n_estimators': 4}",4,4,0.747747748,0.625,-16.41566265
212,"{'rf_class__max_depth': 4, 'rf_class__n_estimators': 4}",4,4,0.666666667,0.75,12.5
213,"{'rf_class__max_depth': 4, 'rf_class__n_estimators': 4}",4,4,0.603603604,0,-100
214,"{'rf_class__max_depth': 4, 'rf_class__n_estimators': 4}",4,4,0.711711712,0.25,-64.87341772
215,"{'rf_class__max_depth': 4, 'rf_class__n_estimators': 4}",4,4,0.720720721,0.375,-47.96875
216,"{'rf_class__max_depth': 4, 'rf_class__n_estimators': 4}",4,4,0.612612613,0.5,-18.38235294
217,"{'rf_class__max_depth': 4, 'rf_class__n_estimators': 4}",4,4,0.72972973,1,37.03703704
218,"{'rf_class__max_depth': 4, 'rf_class__n_estimators': 4}",4,4,0.630630631,0.375,-40.53571429
219,"{'rf_class__max_depth': 4, 'rf_class__n_estimators': 4}",4,4,0.63963964,0.5,-21.83098592
220,"{'rf_class__max_depth': 4, 'rf_class__n_estimators': 4}",4,4,0.720720721,0.75,4.0625
221,"{'rf_class__max_depth': 4, 'rf_class__n_estimators': 4}",4,4,0.666666667,0.75,12.5
222,"{'rf_class__max_depth': 4, 'rf_class__n_estimators': 4}",4,4,0.657657658,0.25,-61.98630137
223,"{'rf_class__max_depth': 4, 'rf_class__n_estimators': 4}",4,4,0.720720721,0.5,-30.625
224,"{'rf_class__max_depth': 4, 'rf_class__n_estimators': 4}",4,4,0.732142857,0.428571429,-41.46341463
225,"{'rf_class__max_depth': 4, 'rf_class__n_estimators': 5}",4,5,0.765765766,0.25,-67.35294118
226,"{'rf_class__max_depth': 4, 'rf_class__n_estimators': 5}",4,5,0.72972973,0.625,-14.35185185
227,"{'rf_class__max_depth': 4, 'rf_class__n_estimators': 5}",4,5,0.657657658,0.75,14.04109589
228,"{'rf_class__max_depth': 4, 'rf_class__n_estimators': 5}",4,5,0.675675676,0.125,-81.5
229,"{'rf_class__max_depth': 4, 'rf_class__n_estimators': 5}",4,5,0.801801802,0.375,-53.23033708
230,"{'rf_class__max_depth': 4, 'rf_class__n_estimators': 5}",4,5,0.702702703,0.375,-46.63461538
231,"{'rf_class__max_depth': 4, 'rf_class__n_estimators': 5}",4,5,0.603603604,0.5,-17.1641791
232,"{'rf_class__max_depth': 4, 'rf_class__n_estimators': 5}",4,5,0.675675676,0.75,11
233,"{'rf_class__max_depth': 4, 'rf_class__n_estimators': 5}",4,5,0.612612613,0.375,-38.78676471
234,"{'rf_class__max_depth': 4, 'rf_class__n_estimators': 5}",4,5,0.666666667,0.5,-25
235,"{'rf_class__max_depth': 4, 'rf_class__n_estimators': 5}",4,5,0.72972973,0.5,-31.48148148
236,"{'rf_class__max_depth': 4, 'rf_class__n_estimators': 5}",4,5,0.675675676,0.75,11
237,"{'rf_class__max_depth': 4, 'rf_class__n_estimators': 5}",4,5,0.72972973,0.25,-65.74074074
238,"{'rf_class__max_depth': 4, 'rf_class__n_estimators': 5}",4,5,0.684684685,0.375,-45.23026316
239,"{'rf_class__max_depth': 4, 'rf_class__n_estimators': 5}",4,5,0.758928571,0.571428571,-24.70588235
240,"{'rf_class__max_depth': 4, 'rf_class__n_estimators': 6}",4,6,0.747747748,0.125,-83.28313253
241,"{'rf_class__max_depth': 4, 'rf_class__n_estimators': 6}",4,6,0.72972973,0.625,-14.35185185
242,"{'rf_class__max_depth': 4, 'rf_class__n_estimators': 6}",4,6,0.702702703,0.5,-28.84615385
243,"{'rf_class__max_depth': 4, 'rf_class__n_estimators': 6}",4,6,0.657657658,0.25,-61.98630137
244,"{'rf_class__max_depth': 4, 'rf_class__n_estimators': 6}",4,6,0.81981982,0.375,-54.25824176
245,"{'rf_class__max_depth': 4, 'rf_class__n_estimators': 6}",4,6,0.711711712,0.375,-47.31012658
246,"{'rf_class__max_depth': 4, 'rf_class__n_estimators': 6}",4,6,0.648648649,0.5,-22.91666667
247,"{'rf_class__max_depth': 4, 'rf_class__n_estimators': 6}",4,6,0.684684685,0.75,9.539473684
248,"{'rf_class__max_depth': 4, 'rf_class__n_estimators': 6}",4,6,0.621621622,0.5,-19.56521739
249,"{'rf_class__max_depth': 4, 'rf_class__n_estimators': 6}",4,6,0.702702703,0.5,-28.84615385
250,"{'rf_class__max_depth': 4, 'rf_class__n_estimators': 6}",4,6,0.747747748,0.5,-33.13253012
251,"{'rf_class__max_depth': 4, 'rf_class__n_estimators': 6}",4,6,0.657657658,0.75,14.04109589
252,"{'rf_class__max_depth': 4, 'rf_class__n_estimators': 6}",4,6,0.72972973,0.375,-48.61111111
253,"{'rf_class__max_depth': 4, 'rf_class__n_estimators': 6}",4,6,0.675675676,0.5,-26
254,"{'rf_class__max_depth': 4, 'rf_class__n_estimators': 6}",4,6,0.678571429,0.571428571,-15.78947368
255,"{'rf_class__max_depth': 4, 'rf_class__n_estimators': 7}",4,7,0.747747748,0.125,-83.28313253
256,"{'rf_class__max_depth': 4, 'rf_class__n_estimators': 7}",4,7,0.792792793,0.5,-36.93181818
257,"{'rf_class__max_depth': 4, 'rf_class__n_estimators': 7}",4,7,0.702702703,0.5,-28.84615385
258,"{'rf_class__max_depth': 4, 'rf_class__n_estimators': 7}",4,7,0.666666667,0.25,-62.5
259,"{'rf_class__max_depth': 4, 'rf_class__n_estimators': 7}",4,7,0.801801802,0.375,-53.23033708
260,"{'rf_class__max_depth': 4, 'rf_class__n_estimators': 7}",4,7,0.72972973,0.375,-48.61111111
261,"{'rf_class__max_depth': 4, 'rf_class__n_estimators': 7}",4,7,0.63963964,0.5,-21.83098592
262,"{'rf_class__max_depth': 4, 'rf_class__n_estimators': 7}",4,7,0.72972973,0.75,2.777777778
263,"{'rf_class__max_depth': 4, 'rf_class__n_estimators': 7}",4,7,0.630630631,0.5,-20.71428571
264,"{'rf_class__max_depth': 4, 'rf_class__n_estimators': 7}",4,7,0.72972973,0.5,-31.48148148
265,"{'rf_class__max_depth': 4, 'rf_class__n_estimators': 7}",4,7,0.720720721,0.5,-30.625
266,"{'rf_class__max_depth': 4, 'rf_class__n_estimators': 7}",4,7,0.675675676,0.75,11
267,"{'rf_class__max_depth': 4, 'rf_class__n_estimators': 7}",4,7,0.693693694,0.5,-27.92207792
268,"{'rf_class__max_depth': 4, 'rf_class__n_estimators': 7}",4,7,0.684684685,0.5,-26.97368421
269,"{'rf_class__max_depth': 4, 'rf_class__n_estimators': 7}",4,7,0.696428571,0.571428571,-17.94871795
270,"{'rf_class__max_depth': 5, 'rf_class__n_estimators': 2}",5,2,0.684684685,0.125,-81.74342105
271,"{'rf_class__max_depth': 5, 'rf_class__n_estimators': 2}",5,2,0.63963964,0.625,-2.288732394
272,"{'rf_class__max_depth': 5, 'rf_class__n_estimators': 2}",5,2,0.63963964,0.625,-2.288732394
273,"{'rf_class__max_depth': 5, 'rf_class__n_estimators': 2}",5,2,0.657657658,0.375,-42.97945205
274,"{'rf_class__max_depth': 5, 'rf_class__n_estimators': 2}",5,2,0.711711712,0.125,-82.43670886
275,"{'rf_class__max_depth': 5, 'rf_class__n_estimators': 2}",5,2,0.738738739,0.25,-66.15853659
276,"{'rf_class__max_depth': 5, 'rf_class__n_estimators': 2}",5,2,0.675675676,0.5,-26
277,"{'rf_class__max_depth': 5, 'rf_class__n_estimators': 2}",5,2,0.675675676,0.625,-7.5
278,"{'rf_class__max_depth': 5, 'rf_class__n_estimators': 2}",5,2,0.648648649,0.375,-42.1875
279,"{'rf_class__max_depth': 5, 'rf_class__n_estimators': 2}",5,2,0.693693694,0.5,-27.92207792
280,"{'rf_class__max_depth': 5, 'rf_class__n_estimators': 2}",5,2,0.666666667,0.25,-62.5
281,"{'rf_class__max_depth': 5, 'rf_class__n_estimators': 2}",5,2,0.576576577,0.5,-13.28125
282,"{'rf_class__max_depth': 5, 'rf_class__n_estimators': 2}",5,2,0.594594595,0.375,-36.93181818
283,"{'rf_class__max_depth': 5, 'rf_class__n_estimators': 2}",5,2,0.576576577,0.25,-56.640625
284,"{'rf_class__max_depth': 5, 'rf_class__n_estimators': 2}",5,2,0.607142857,0.714285714,17.64705882
285,"{'rf_class__max_depth': 5, 'rf_class__n_estimators': 3}",5,3,0.72972973,0.25,-65.74074074
286,"{'rf_class__max_depth': 5, 'rf_class__n_estimators': 3}",5,3,0.765765766,0.5,-34.70588235
287,"{'rf_class__max_depth': 5, 'rf_class__n_estimators': 3}",5,3,0.747747748,0.5,-33.13253012
288,"{'rf_class__max_depth': 5, 'rf_class__n_estimators': 3}",5,3,0.693693694,0.375,-45.94155844
289,"{'rf_class__max_depth': 5, 'rf_class__n_estimators': 3}",5,3,0.801801802,0.25,-68.82022472
290,"{'rf_class__max_depth': 5, 'rf_class__n_estimators': 3}",5,3,0.792792793,0.375,-52.69886364
291,"{'rf_class__max_depth': 5, 'rf_class__n_estimators': 3}",5,3,0.675675676,0.5,-26
292,"{'rf_class__max_depth': 5, 'rf_class__n_estimators': 3}",5,3,0.738738739,0.75,1.524390244
293,"{'rf_class__max_depth': 5, 'rf_class__n_estimators': 3}",5,3,0.765765766,0.375,-51.02941176
294,"{'rf_class__max_depth': 5, 'rf_class__n_estimators': 3}",5,3,0.72972973,0.25,-65.74074074
295,"{'rf_class__max_depth': 5, 'rf_class__n_estimators': 3}",5,3,0.765765766,0.5,-34.70588235
296,"{'rf_class__max_depth': 5, 'rf_class__n_estimators': 3}",5,3,0.711711712,0.625,-12.1835443
297,"{'rf_class__max_depth': 5, 'rf_class__n_estimators': 3}",5,3,0.738738739,0.625,-15.39634146
298,"{'rf_class__max_depth': 5, 'rf_class__n_estimators': 3}",5,3,0.684684685,0.5,-26.97368421
299,"{'rf_class__max_depth': 5, 'rf_class__n_estimators': 3}",5,3,0.705357143,0.857142857,21.51898734
300,"{'rf_class__max_depth': 5, 'rf_class__n_estimators': 4}",5,4,0.783783784,0.375,-52.15517241
301,"{'rf_class__max_depth': 5, 'rf_class__n_estimators': 4}",5,4,0.81981982,0.25,-69.50549451
302,"{'rf_class__max_depth': 5, 'rf_class__n_estimators': 4}",5,4,0.765765766,0.75,-2.058823529
303,"{'rf_class__max_depth': 5, 'rf_class__n_estimators': 4}",5,4,0.720720721,0.375,-47.96875
304,"{'rf_class__max_depth': 5, 'rf_class__n_estimators': 4}",5,4,0.783783784,0.125,-84.05172414
305,"{'rf_class__max_depth': 5, 'rf_class__n_estimators': 4}",5,4,0.720720721,0.5,-30.625
306,"{'rf_class__max_depth': 5, 'rf_class__n_estimators': 4}",5,4,0.684684685,0.25,-63.48684211
307,"{'rf_class__max_depth': 5, 'rf_class__n_estimators': 4}",5,4,0.747747748,0.625,-16.41566265
308,"{'rf_class__max_depth': 5, 'rf_class__n_estimators': 4}",5,4,0.783783784,0.25,-68.10344828
309,"{'rf_class__max_depth': 5, 'rf_class__n_estimators': 4}",5,4,0.738738739,0.625,-15.39634146
310,"{'rf_class__max_depth': 5, 'rf_class__n_estimators': 4}",5,4,0.774774775,0.5,-35.46511628
311,"{'rf_class__max_depth': 5, 'rf_class__n_estimators': 4}",5,4,0.693693694,0.75,8.116883117
312,"{'rf_class__max_depth': 5, 'rf_class__n_estimators': 4}",5,4,0.756756757,0.375,-50.44642857
313,"{'rf_class__max_depth': 5, 'rf_class__n_estimators': 4}",5,4,0.720720721,0.5,-30.625
314,"{'rf_class__max_depth': 5, 'rf_class__n_estimators': 4}",5,4,0.741071429,0.857142857,15.6626506
315,"{'rf_class__max_depth': 5, 'rf_class__n_estimators': 5}",5,5,0.81981982,0.25,-69.50549451
316,"{'rf_class__max_depth': 5, 'rf_class__n_estimators': 5}",5,5,0.801801802,0.25,-68.82022472
317,"{'rf_class__max_depth': 5, 'rf_class__n_estimators': 5}",5,5,0.72972973,0.75,2.777777778
318,"{'rf_class__max_depth': 5, 'rf_class__n_estimators': 5}",5,5,0.765765766,0.5,-34.70588235
319,"{'rf_class__max_depth': 5, 'rf_class__n_estimators': 5}",5,5,0.747747748,0.375,-49.84939759
320,"{'rf_class__max_depth': 5, 'rf_class__n_estimators': 5}",5,5,0.747747748,0.375,-49.84939759
321,"{'rf_class__max_depth': 5, 'rf_class__n_estimators': 5}",5,5,0.72972973,0.375,-48.61111111
322,"{'rf_class__max_depth': 5, 'rf_class__n_estimators': 5}",5,5,0.738738739,0.625,-15.39634146
323,"{'rf_class__max_depth': 5, 'rf_class__n_estimators': 5}",5,5,0.783783784,0.25,-68.10344828
324,"{'rf_class__max_depth': 5, 'rf_class__n_estimators': 5}",5,5,0.711711712,0.5,-29.74683544
325,"{'rf_class__max_depth': 5, 'rf_class__n_estimators': 5}",5,5,0.792792793,0.5,-36.93181818
326,"{'rf_class__max_depth': 5, 'rf_class__n_estimators': 5}",5,5,0.702702703,0.625,-11.05769231
327,"{'rf_class__max_depth': 5, 'rf_class__n_estimators': 5}",5,5,0.756756757,0.25,-66.96428571
328,"{'rf_class__max_depth': 5, 'rf_class__n_estimators': 5}",5,5,0.72972973,0.375,-48.61111111
329,"{'rf_class__max_depth': 5, 'rf_class__n_estimators': 5}",5,5,0.678571429,0.857142857,26.31578947
330,"{'rf_class__max_depth': 5, 'rf_class__n_estimators': 6}",5,6,0.810810811,0.5,-38.33333333
331,"{'rf_class__max_depth': 5, 'rf_class__n_estimators': 6}",5,6,0.792792793,0.5,-36.93181818
332,"{'rf_class__max_depth': 5, 'rf_class__n_estimators': 6}",5,6,0.747747748,0.75,0.301204819
333,"{'rf_class__max_depth': 5, 'rf_class__n_estimators': 6}",5,6,0.756756757,0.5,-33.92857143
334,"{'rf_class__max_depth': 5, 'rf_class__n_estimators': 6}",5,6,0.801801802,0.25,-68.82022472
335,"{'rf_class__max_depth': 5, 'rf_class__n_estimators': 6}",5,6,0.783783784,0.5,-36.20689655
336,"{'rf_class__max_depth': 5, 'rf_class__n_estimators': 6}",5,6,0.756756757,0.375,-50.44642857
337,"{'rf_class__max_depth': 5, 'rf_class__n_estimators': 6}",5,6,0.801801802,0.625,-22.0505618
338,"{'rf_class__max_depth': 5, 'rf_class__n_estimators': 6}",5,6,0.783783784,0.25,-68.10344828
339,"{'rf_class__max_depth': 5, 'rf_class__n_estimators': 6}",5,6,0.711711712,0.625,-12.1835443
340,"{'rf_class__max_depth': 5, 'rf_class__n_estimators': 6}",5,6,0.756756757,0.375,-50.44642857
341,"{'rf_class__max_depth': 5, 'rf_class__n_estimators': 6}",5,6,0.747747748,0.875,17.01807229
342,"{'rf_class__max_depth': 5, 'rf_class__n_estimators': 6}",5,6,0.765765766,0.5,-34.70588235
343,"{'rf_class__max_depth': 5, 'rf_class__n_estimators': 6}",5,6,0.693693694,0.375,-45.94155844
344,"{'rf_class__max_depth': 5, 'rf_class__n_estimators': 6}",5,6,0.6875,0.714285714,3.896103896
345,"{'rf_class__max_depth': 5, 'rf_class__n_estimators': 7}",5,7,0.828828829,0.375,-54.75543478
346,"{'rf_class__max_depth': 5, 'rf_class__n_estimators': 7}",5,7,0.81981982,0.375,-54.25824176
347,"{'rf_class__max_depth': 5, 'rf_class__n_estimators': 7}",5,7,0.765765766,0.75,-2.058823529
348,"{'rf_class__max_depth': 5, 'rf_class__n_estimators': 7}",5,7,0.792792793,0.5,-36.93181818
349,"{'rf_class__max_depth': 5, 'rf_class__n_estimators': 7}",5,7,0.783783784,0.25,-68.10344828
350,"{'rf_class__max_depth': 5, 'rf_class__n_estimators': 7}",5,7,0.756756757,0.375,-50.44642857
351,"{'rf_class__max_depth': 5, 'rf_class__n_estimators': 7}",5,7,0.765765766,0.375,-51.02941176
352,"{'rf_class__max_depth': 5, 'rf_class__n_estimators': 7}",5,7,0.810810811,0.625,-22.91666667
353,"{'rf_class__max_depth': 5, 'rf_class__n_estimators': 7}",5,7,0.783783784,0.25,-68.10344828
354,"{'rf_class__max_depth': 5, 'rf_class__n_estimators': 7}",5,7,0.765765766,0.625,-18.38235294
355,"{'rf_class__max_depth': 5, 'rf_class__n_estimators': 7}",5,7,0.774774775,0.5,-35.46511628
356,"{'rf_class__max_depth': 5, 'rf_class__n_estimators': 7}",5,7,0.801801802,0.625,-22.0505618
357,"{'rf_class__max_depth': 5, 'rf_class__n_estimators': 7}",5,7,0.774774775,0.375,-51.59883721
358,"{'rf_class__max_depth': 5, 'rf_class__n_estimators': 7}",5,7,0.747747748,0.375,-49.84939759
359,"{'rf_class__max_depth': 5, 'rf_class__n_estimators': 7}",5,7,0.714285714,0.714285714,0
360,"{'rf_class__max_depth': 6, 'rf_class__n_estimators': 2}",6,2,0.774774775,0.25,-67.73255814
361,"{'rf_class__max_depth': 6, 'rf_class__n_estimators': 2}",6,2,0.72972973,0.75,2.777777778
362,"{'rf_class__max_depth': 6, 'rf_class__n_estimators': 2}",6,2,0.693693694,0.375,-45.94155844
363,"{'rf_class__max_depth': 6, 'rf_class__n_estimators': 2}",6,2,0.711711712,0.125,-82.43670886
364,"{'rf_class__max_depth': 6, 'rf_class__n_estimators': 2}",6,2,0.72972973,0.375,-48.61111111
365,"{'rf_class__max_depth': 6, 'rf_class__n_estimators': 2}",6,2,0.774774775,0.375,-51.59883721
366,"{'rf_class__max_depth': 6, 'rf_class__n_estimators': 2}",6,2,0.747747748,0.75,0.301204819
367,"{'rf_class__max_depth': 6, 'rf_class__n_estimators': 2}",6,2,0.684684685,0.5,-26.97368421
368,"{'rf_class__max_depth': 6, 'rf_class__n_estimators': 2}",6,2,0.774774775,0.25,-67.73255814
369,"{'rf_class__max_depth': 6, 'rf_class__n_estimators': 2}",6,2,0.72972973,0.375,-48.61111111
370,"{'rf_class__max_depth': 6, 'rf_class__n_estimators': 2}",6,2,0.711711712,0.625,-12.1835443
371,"{'rf_class__max_depth': 6, 'rf_class__n_estimators': 2}",6,2,0.693693694,0.5,-27.92207792
372,"{'rf_class__max_depth': 6, 'rf_class__n_estimators': 2}",6,2,0.747747748,0.375,-49.84939759
373,"{'rf_class__max_depth': 6, 'rf_class__n_estimators': 2}",6,2,0.720720721,0.375,-47.96875
374,"{'rf_class__max_depth': 6, 'rf_class__n_estimators': 2}",6,2,0.642857143,0.285714286,-55.55555556
375,"{'rf_class__max_depth': 6, 'rf_class__n_estimators': 3}",6,3,0.828828829,0.375,-54.75543478
376,"{'rf_class__max_depth': 6, 'rf_class__n_estimators': 3}",6,3,0.756756757,1,32.14285714
377,"{'rf_class__max_depth': 6, 'rf_class__n_estimators': 3}",6,3,0.810810811,0.5,-38.33333333
378,"{'rf_class__max_depth': 6, 'rf_class__n_estimators': 3}",6,3,0.810810811,0,-100
379,"{'rf_class__max_depth': 6, 'rf_class__n_estimators': 3}",6,3,0.810810811,0.375,-53.75
380,"{'rf_class__max_depth': 6, 'rf_class__n_estimators': 3}",6,3,0.756756757,0.25,-66.96428571
381,"{'rf_class__max_depth': 6, 'rf_class__n_estimators': 3}",6,3,0.747747748,0.75,0.301204819
382,"{'rf_class__max_depth': 6, 'rf_class__n_estimators': 3}",6,3,0.666666667,0.5,-25
383,"{'rf_class__max_depth': 6, 'rf_class__n_estimators': 3}",6,3,0.828828829,0.375,-54.75543478
384,"{'rf_class__max_depth': 6, 'rf_class__n_estimators': 3}",6,3,0.846846847,0.375,-55.71808511
385,"{'rf_class__max_depth': 6, 'rf_class__n_estimators': 3}",6,3,0.792792793,0.625,-21.16477273
386,"{'rf_class__max_depth': 6, 'rf_class__n_estimators': 3}",6,3,0.810810811,0.5,-38.33333333
387,"{'rf_class__max_depth': 6, 'rf_class__n_estimators': 3}",6,3,0.783783784,0.375,-52.15517241
388,"{'rf_class__max_depth': 6, 'rf_class__n_estimators': 3}",6,3,0.801801802,0.375,-53.23033708
389,"{'rf_class__max_depth': 6, 'rf_class__n_estimators': 3}",6,3,0.705357143,0.285714286,-59.49367089
390,"{'rf_class__max_depth': 6, 'rf_class__n_estimators': 4}",6,4,0.855855856,0.25,-70.78947368
391,"{'rf_class__max_depth': 6, 'rf_class__n_estimators': 4}",6,4,0.801801802,0.625,-22.0505618
392,"{'rf_class__max_depth': 6, 'rf_class__n_estimators': 4}",6,4,0.774774775,0.5,-35.46511628
393,"{'rf_class__max_depth': 6, 'rf_class__n_estimators': 4}",6,4,0.837837838,0,-100
394,"{'rf_class__max_depth': 6, 'rf_class__n_estimators': 4}",6,4,0.756756757,0.375,-50.44642857
395,"{'rf_class__max_depth': 6, 'rf_class__n_estimators': 4}",6,4,0.792792793,0.125,-84.23295455
396,"{'rf_class__max_depth': 6, 'rf_class__n_estimators': 4}",6,4,0.774774775,0.625,-19.33139535
397,"{'rf_class__max_depth': 6, 'rf_class__n_estimators': 4}",6,4,0.72972973,0.75,2.777777778
398,"{'rf_class__max_depth': 6, 'rf_class__n_estimators': 4}",6,4,0.828828829,0.375,-54.75543478
399,"{'rf_class__max_depth': 6, 'rf_class__n_estimators': 4}",6,4,0.873873874,0.375,-57.08762887
400,"{'rf_class__max_depth': 6, 'rf_class__n_estimators': 4}",6,4,0.837837838,0.625,-25.40322581
401,"{'rf_class__max_depth': 6, 'rf_class__n_estimators': 4}",6,4,0.837837838,0.5,-40.32258065
402,"{'rf_class__max_depth': 6, 'rf_class__n_estimators': 4}",6,4,0.801801802,0.125,-84.41011236
403,"{'rf_class__max_depth': 6, 'rf_class__n_estimators': 4}",6,4,0.828828829,0.25,-69.83695652
404,"{'rf_class__max_depth': 6, 'rf_class__n_estimators': 4}",6,4,0.741071429,0.428571429,-42.1686747
405,"{'rf_class__max_depth': 6, 'rf_class__n_estimators': 5}",6,5,0.864864865,0.375,-56.640625
406,"{'rf_class__max_depth': 6, 'rf_class__n_estimators': 5}",6,5,0.828828829,0.5,-39.67391304
407,"{'rf_class__max_depth': 6, 'rf_class__n_estimators': 5}",6,5,0.81981982,0.5,-39.01098901
408,"{'rf_class__max_depth': 6, 'rf_class__n_estimators': 5}",6,5,0.837837838,0.125,-85.08064516
409,"{'rf_class__max_depth': 6, 'rf_class__n_estimators': 5}",6,5,0.864864865,0.375,-56.640625
410,"{'rf_class__max_depth': 6, 'rf_class__n_estimators': 5}",6,5,0.801801802,0.125,-84.41011236
411,"{'rf_class__max_depth': 6, 'rf_class__n_estimators': 5}",6,5,0.810810811,0.75,-7.5
412,"{'rf_class__max_depth': 6, 'rf_class__n_estimators': 5}",6,5,0.720720721,0.75,4.0625
413,"{'rf_class__max_depth': 6, 'rf_class__n_estimators': 5}",6,5,0.846846847,0.375,-55.71808511
414,"{'rf_class__max_depth': 6, 'rf_class__n_estimators': 5}",6,5,0.891891892,0.625,-29.92424242
415,"{'rf_class__max_depth': 6, 'rf_class__n_estimators': 5}",6,5,0.792792793,0.5,-36.93181818
416,"{'rf_class__max_depth': 6, 'rf_class__n_estimators': 5}",6,5,0.828828829,0.625,-24.5923913
417,"{'rf_class__max_depth': 6, 'rf_class__n_estimators': 5}",6,5,0.846846847,0.25,-70.4787234
418,"{'rf_class__max_depth': 6, 'rf_class__n_estimators': 5}",6,5,0.792792793,0.25,-68.46590909
419,"{'rf_class__max_depth': 6, 'rf_class__n_estimators': 5}",6,5,0.758928571,0.428571429,-43.52941176
420,"{'rf_class__max_depth': 6, 'rf_class__n_estimators': 6}",6,6,0.891891892,0.125,-85.98484848
421,"{'rf_class__max_depth': 6, 'rf_class__n_estimators': 6}",6,6,0.801801802,0.5,-37.64044944
422,"{'rf_class__max_depth': 6, 'rf_class__n_estimators': 6}",6,6,0.864864865,0.5,-42.1875
423,"{'rf_class__max_depth': 6, 'rf_class__n_estimators': 6}",6,6,0.882882883,0.125,-85.84183673
424,"{'rf_class__max_depth': 6, 'rf_class__n_estimators': 6}",6,6,0.81981982,0.25,-69.50549451
425,"{'rf_class__max_depth': 6, 'rf_class__n_estimators': 6}",6,6,0.810810811,0.25,-69.16666667
426,"{'rf_class__max_depth': 6, 'rf_class__n_estimators': 6}",6,6,0.837837838,0.75,-10.48387097
427,"{'rf_class__max_depth': 6, 'rf_class__n_estimators': 6}",6,6,0.765765766,0.75,-2.058823529
428,"{'rf_class__max_depth': 6, 'rf_class__n_estimators': 6}",6,6,0.810810811,0.25,-69.16666667
429,"{'rf_class__max_depth': 6, 'rf_class__n_estimators': 6}",6,6,0.873873874,0.75,-14.17525773
430,"{'rf_class__max_depth': 6, 'rf_class__n_estimators': 6}",6,6,0.837837838,0.375,-55.24193548
431,"{'rf_class__max_depth': 6, 'rf_class__n_estimators': 6}",6,6,0.837837838,0.5,-40.32258065
432,"{'rf_class__max_depth': 6, 'rf_class__n_estimators': 6}",6,6,0.846846847,0.125,-85.2393617
433,"{'rf_class__max_depth': 6, 'rf_class__n_estimators': 6}",6,6,0.846846847,0.25,-70.4787234
434,"{'rf_class__max_depth': 6, 'rf_class__n_estimators': 6}",6,6,0.794642857,0.428571429,-46.06741573
435,"{'rf_class__max_depth': 6, 'rf_class__n_estimators': 7}",6,7,0.900900901,0.125,-86.125
436,"{'rf_class__max_depth': 6, 'rf_class__n_estimators': 7}",6,7,0.837837838,0.375,-55.24193548
437,"{'rf_class__max_depth': 6, 'rf_class__n_estimators': 7}",6,7,0.846846847,0.375,-55.71808511
438,"{'rf_class__max_depth': 6, 'rf_class__n_estimators': 7}",6,7,0.882882883,0.125,-85.84183673
439,"{'rf_class__max_depth': 6, 'rf_class__n_estimators': 7}",6,7,0.846846847,0.25,-70.4787234
440,"{'rf_class__max_depth': 6, 'rf_class__n_estimators': 7}",6,7,0.792792793,0.25,-68.46590909
441,"{'rf_class__max_depth': 6, 'rf_class__n_estimators': 7}",6,7,0.846846847,0.625,-26.19680851
442,"{'rf_class__max_depth': 6, 'rf_class__n_estimators': 7}",6,7,0.783783784,0.75,-4.310344828
443,"{'rf_class__max_depth': 6, 'rf_class__n_estimators': 7}",6,7,0.864864865,0.5,-42.1875
444,"{'rf_class__max_depth': 6, 'rf_class__n_estimators': 7}",6,7,0.927927928,0.625,-32.64563107
445,"{'rf_class__max_depth': 6, 'rf_class__n_estimators': 7}",6,7,0.837837838,0.625,-25.40322581
446,"{'rf_class__max_depth': 6, 'rf_class__n_estimators': 7}",6,7,0.837837838,0.625,-25.40322581
447,"{'rf_class__max_depth': 6, 'rf_class__n_estimators': 7}",6,7,0.891891892,0.25,-71.96969697
448,"{'rf_class__max_depth': 6, 'rf_class__n_estimators': 7}",6,7,0.855855856,0.25,-70.78947368
449,"{'rf_class__max_depth': 6, 'rf_class__n_estimators': 7}",6,7,0.821428571,0.571428571,-30.43478261
450,"{'rf_class__max_depth': 7, 'rf_class__n_estimators': 2}",7,2,0.810810811,0,-100
451,"{'rf_class__max_depth': 7, 'rf_class__n_estimators': 2}",7,2,0.702702703,0.5,-28.84615385
452,"{'rf_class__max_depth': 7, 'rf_class__n_estimators': 2}",7,2,0.783783784,0.375,-52.15517241
453,"{'rf_class__max_depth': 7, 'rf_class__n_estimators': 2}",7,2,0.783783784,0.125,-84.05172414
454,"{'rf_class__max_depth': 7, 'rf_class__n_estimators': 2}",7,2,0.765765766,0.25,-67.35294118
455,"{'rf_class__max_depth': 7, 'rf_class__n_estimators': 2}",7,2,0.864864865,0.125,-85.546875
456,"{'rf_class__max_depth': 7, 'rf_class__n_estimators': 2}",7,2,0.810810811,0.625,-22.91666667
457,"{'rf_class__max_depth': 7, 'rf_class__n_estimators': 2}",7,2,0.63963964,0.375,-41.37323944
458,"{'rf_class__max_depth': 7, 'rf_class__n_estimators': 2}",7,2,0.747747748,0.25,-66.56626506
459,"{'rf_class__max_depth': 7, 'rf_class__n_estimators': 2}",7,2,0.72972973,0.375,-48.61111111
460,"{'rf_class__max_depth': 7, 'rf_class__n_estimators': 2}",7,2,0.810810811,0.375,-53.75
461,"{'rf_class__max_depth': 7, 'rf_class__n_estimators': 2}",7,2,0.747747748,0.25,-66.56626506
462,"{'rf_class__max_depth': 7, 'rf_class__n_estimators': 2}",7,2,0.783783784,0.25,-68.10344828
463,"{'rf_class__max_depth': 7, 'rf_class__n_estimators': 2}",7,2,0.801801802,0.5,-37.64044944
464,"{'rf_class__max_depth': 7, 'rf_class__n_estimators': 2}",7,2,0.705357143,0.142857143,-79.74683544
465,"{'rf_class__max_depth': 7, 'rf_class__n_estimators': 3}",7,3,0.873873874,0.125,-85.69587629
466,"{'rf_class__max_depth': 7, 'rf_class__n_estimators': 3}",7,3,0.747747748,0.625,-16.41566265
467,"{'rf_class__max_depth': 7, 'rf_class__n_estimators': 3}",7,3,0.90990991,0.625,-31.31188119
468,"{'rf_class__max_depth': 7, 'rf_class__n_estimators': 3}",7,3,0.900900901,0.125,-86.125
469,"{'rf_class__max_depth': 7, 'rf_class__n_estimators': 3}",7,3,0.891891892,0.25,-71.96969697
470,"{'rf_class__max_depth': 7, 'rf_class__n_estimators': 3}",7,3,0.882882883,0.5,-43.36734694
471,"{'rf_class__max_depth': 7, 'rf_class__n_estimators': 3}",7,3,0.81981982,0.625,-23.76373626
472,"{'rf_class__max_depth': 7, 'rf_class__n_estimators': 3}",7,3,0.720720721,0.625,-13.28125
473,"{'rf_class__max_depth': 7, 'rf_class__n_estimators': 3}",7,3,0.846846847,0.125,-85.2393617
474,"{'rf_class__max_depth': 7, 'rf_class__n_estimators': 3}",7,3,0.828828829,0.25,-69.83695652
475,"{'rf_class__max_depth': 7, 'rf_class__n_estimators': 3}",7,3,0.837837838,0.625,-25.40322581
476,"{'rf_class__max_depth': 7, 'rf_class__n_estimators': 3}",7,3,0.846846847,0.625,-26.19680851
477,"{'rf_class__max_depth': 7, 'rf_class__n_estimators': 3}",7,3,0.855855856,0.25,-70.78947368
478,"{'rf_class__max_depth': 7, 'rf_class__n_estimators': 3}",7,3,0.801801802,0.5,-37.64044944
479,"{'rf_class__max_depth': 7, 'rf_class__n_estimators': 3}",7,3,0.776785714,0.142857143,-81.6091954
480,"{'rf_class__max_depth': 7, 'rf_class__n_estimators': 4}",7,4,0.90990991,0.125,-86.26237624
481,"{'rf_class__max_depth': 7, 'rf_class__n_estimators': 4}",7,4,0.873873874,0.5,-42.78350515
482,"{'rf_class__max_depth': 7, 'rf_class__n_estimators': 4}",7,4,0.882882883,0.75,-15.05102041
483,"{'rf_class__max_depth': 7, 'rf_class__n_estimators': 4}",7,4,0.882882883,0.25,-71.68367347
484,"{'rf_class__max_depth': 7, 'rf_class__n_estimators': 4}",7,4,0.936936937,0.25,-73.31730769
485,"{'rf_class__max_depth': 7, 'rf_class__n_estimators': 4}",7,4,0.90990991,0.375,-58.78712871
486,"{'rf_class__max_depth': 7, 'rf_class__n_estimators': 4}",7,4,0.855855856,0.5,-41.57894737
487,"{'rf_class__max_depth': 7, 'rf_class__n_estimators': 4}",7,4,0.801801802,0.25,-68.82022472
488,"{'rf_class__max_depth': 7, 'rf_class__n_estimators': 4}",7,4,0.882882883,0.125,-85.84183673
489,"{'rf_class__max_depth': 7, 'rf_class__n_estimators': 4}",7,4,0.828828829,0.375,-54.75543478
490,"{'rf_class__max_depth': 7, 'rf_class__n_estimators': 4}",7,4,0.864864865,0.625,-27.734375
491,"{'rf_class__max_depth': 7, 'rf_class__n_estimators': 4}",7,4,0.882882883,0.625,-29.20918367
492,"{'rf_class__max_depth': 7, 'rf_class__n_estimators': 4}",7,4,0.900900901,0.25,-72.25
493,"{'rf_class__max_depth': 7, 'rf_class__n_estimators': 4}",7,4,0.81981982,0.25,-69.50549451
494,"{'rf_class__max_depth': 7, 'rf_class__n_estimators': 4}",7,4,0.767857143,0.142857143,-81.39534884
495,"{'rf_class__max_depth': 7, 'rf_class__n_estimators': 5}",7,5,0.90990991,0.125,-86.26237624
496,"{'rf_class__max_depth': 7, 'rf_class__n_estimators': 5}",7,5,0.837837838,0.5,-40.32258065
497,"{'rf_class__max_depth': 7, 'rf_class__n_estimators': 5}",7,5,0.90990991,0.75,-17.57425743
498,"{'rf_class__max_depth': 7, 'rf_class__n_estimators': 5}",7,5,0.882882883,0.125,-85.84183673
499,"{'rf_class__max_depth': 7, 'rf_class__n_estimators': 5}",7,5,0.927927928,0.25,-73.05825243
500,"{'rf_class__max_depth': 7, 'rf_class__n_estimators': 5}",7,5,0.900900901,0.375,-58.375
501,"{'rf_class__max_depth': 7, 'rf_class__n_estimators': 5}",7,5,0.891891892,0.375,-57.95454545
502,"{'rf_class__max_depth': 7, 'rf_class__n_estimators': 5}",7,5,0.774774775,0.375,-51.59883721
503,"{'rf_class__max_depth': 7, 'rf_class__n_estimators': 5}",7,5,0.891891892,0.125,-85.98484848
504,"{'rf_class__max_depth': 7, 'rf_class__n_estimators': 5}",7,5,0.873873874,0.75,-14.17525773
505,"{'rf_class__max_depth': 7, 'rf_class__n_estimators': 5}",7,5,0.864864865,0.75,-13.28125
506,"{'rf_class__max_depth': 7, 'rf_class__n_estimators': 5}",7,5,0.891891892,0.5,-43.93939394
507,"{'rf_class__max_depth': 7, 'rf_class__n_estimators': 5}",7,5,0.900900901,0.375,-58.375
508,"{'rf_class__max_depth': 7, 'rf_class__n_estimators': 5}",7,5,0.873873874,0.375,-57.08762887
509,"{'rf_class__max_depth': 7, 'rf_class__n_estimators': 5}",7,5,0.8125,0.142857143,-82.41758242
510,"{'rf_class__max_depth': 7, 'rf_class__n_estimators': 6}",7,6,0.918918919,0.125,-86.39705882
511,"{'rf_class__max_depth': 7, 'rf_class__n_estimators': 6}",7,6,0.846846847,0.375,-55.71808511
512,"{'rf_class__max_depth': 7, 'rf_class__n_estimators': 6}",7,6,0.918918919,0.75,-18.38235294
513,"{'rf_class__max_depth': 7, 'rf_class__n_estimators': 6}",7,6,0.882882883,0.125,-85.84183673
514,"{'rf_class__max_depth': 7, 'rf_class__n_estimators': 6}",7,6,0.936936937,0.25,-73.31730769
515,"{'rf_class__max_depth': 7, 'rf_class__n_estimators': 6}",7,6,0.900900901,0.375,-58.375
516,"{'rf_class__max_depth': 7, 'rf_class__n_estimators': 6}",7,6,0.936936937,0.375,-59.97596154
517,"{'rf_class__max_depth': 7, 'rf_class__n_estimators': 6}",7,6,0.837837838,0.375,-55.24193548
518,"{'rf_class__max_depth': 7, 'rf_class__n_estimators': 6}",7,6,0.900900901,0.125,-86.125
519,"{'rf_class__max_depth': 7, 'rf_class__n_estimators': 6}",7,6,0.837837838,0.5,-40.32258065
520,"{'rf_class__max_depth': 7, 'rf_class__n_estimators': 6}",7,6,0.882882883,0.75,-15.05102041
521,"{'rf_class__max_depth': 7, 'rf_class__n_estimators': 6}",7,6,0.918918919,0.5,-45.58823529
522,"{'rf_class__max_depth': 7, 'rf_class__n_estimators': 6}",7,6,0.873873874,0.375,-57.08762887
523,"{'rf_class__max_depth': 7, 'rf_class__n_estimators': 6}",7,6,0.891891892,0.375,-57.95454545
524,"{'rf_class__max_depth': 7, 'rf_class__n_estimators': 6}",7,6,0.794642857,0.285714286,-64.04494382
525,"{'rf_class__max_depth': 7, 'rf_class__n_estimators': 7}",7,7,0.963963964,0.125,-87.03271028
526,"{'rf_class__max_depth': 7, 'rf_class__n_estimators': 7}",7,7,0.846846847,0.5,-40.95744681
527,"{'rf_class__max_depth': 7, 'rf_class__n_estimators': 7}",7,7,0.900900901,0.625,-30.625
528,"{'rf_class__max_depth': 7, 'rf_class__n_estimators': 7}",7,7,0.90990991,0.125,-86.26237624
529,"{'rf_class__max_depth': 7, 'rf_class__n_estimators': 7}",7,7,0.936936937,0.25,-73.31730769
530,"{'rf_class__max_depth': 7, 'rf_class__n_estimators': 7}",7,7,0.891891892,0.375,-57.95454545
531,"{'rf_class__max_depth': 7, 'rf_class__n_estimators': 7}",7,7,0.900900901,0.375,-58.375
532,"{'rf_class__max_depth': 7, 'rf_class__n_estimators': 7}",7,7,0.882882883,0.375,-57.5255102
533,"{'rf_class__max_depth': 7, 'rf_class__n_estimators': 7}",7,7,0.936936937,0.125,-86.65865385
534,"{'rf_class__max_depth': 7, 'rf_class__n_estimators': 7}",7,7,0.891891892,0.625,-29.92424242
535,"{'rf_class__max_depth': 7, 'rf_class__n_estimators': 7}",7,7,0.882882883,0.625,-29.20918367
536,"{'rf_class__max_depth': 7, 'rf_class__n_estimators': 7}",7,7,0.927927928,0.5,-46.11650485
537,"{'rf_class__max_depth': 7, 'rf_class__n_estimators': 7}",7,7,0.882882883,0.5,-43.36734694
538,"{'rf_class__max_depth': 7, 'rf_class__n_estimators': 7}",7,7,0.918918919,0.375,-59.19117647
539,"{'rf_class__max_depth': 7, 'rf_class__n_estimators': 7}",7,7,0.857142857,0.142857143,-83.33333333
