index,parameters,max_depth,max_leaf_nodes,training,validation,overfit_%
0,"{'dt_class__max_depth': 2, 'dt_class__max_leaf_nodes': 2}",2,2,0.603603604,0.5,-17.1641791
1,"{'dt_class__max_depth': 2, 'dt_class__max_leaf_nodes': 2}",2,2,0.738738739,0.75,1.524390244
2,"{'dt_class__max_depth': 2, 'dt_class__max_leaf_nodes': 2}",2,2,0.594594595,0.625,5.113636364
3,"{'dt_class__max_depth': 2, 'dt_class__max_leaf_nodes': 2}",2,2,0.765765766,0.375,-51.02941176
4,"{'dt_class__max_depth': 2, 'dt_class__max_leaf_nodes': 2}",2,2,0.747747748,0.5,-33.13253012
5,"{'dt_class__max_depth': 2, 'dt_class__max_leaf_nodes': 2}",2,2,0.72972973,0.75,2.777777778
6,"{'dt_class__max_depth': 2, 'dt_class__max_leaf_nodes': 2}",2,2,0.603603604,0.5,-17.1641791
7,"{'dt_class__max_depth': 2, 'dt_class__max_leaf_nodes': 2}",2,2,0.585585586,0.75,28.07692308
8,"{'dt_class__max_depth': 2, 'dt_class__max_leaf_nodes': 2}",2,2,0.423423423,0.25,-40.95744681
9,"{'dt_class__max_depth': 2, 'dt_class__max_leaf_nodes': 2}",2,2,0.792792793,0.75,-5.397727273
10,"{'dt_class__max_depth': 2, 'dt_class__max_leaf_nodes': 2}",2,2,0.603603604,0.5,-17.1641791
11,"{'dt_class__max_depth': 2, 'dt_class__max_leaf_nodes': 2}",2,2,0.738738739,0.75,1.524390244
12,"{'dt_class__max_depth': 2, 'dt_class__max_leaf_nodes': 2}",2,2,0.603603604,0.5,-17.1641791
13,"{'dt_class__max_depth': 2, 'dt_class__max_leaf_nodes': 2}",2,2,0.414414414,0.375,-9.510869565
14,"{'dt_class__max_depth': 2, 'dt_class__max_leaf_nodes': 2}",2,2,0.419642857,0.285714286,-31.91489362
15,"{'dt_class__max_depth': 2, 'dt_class__max_leaf_nodes': 3}",2,3,0,0,NaN
16,"{'dt_class__max_depth': 2, 'dt_class__max_leaf_nodes': 3}",2,3,0,0,NaN
17,"{'dt_class__max_depth': 2, 'dt_class__max_leaf_nodes': 3}",2,3,0,0,NaN
18,"{'dt_class__max_depth': 2, 'dt_class__max_leaf_nodes': 3}",2,3,0,0,NaN
19,"{'dt_class__max_depth': 2, 'dt_class__max_leaf_nodes': 3}",2,3,0.603603604,0.5,-17.1641791
20,"{'dt_class__max_depth': 2, 'dt_class__max_leaf_nodes': 3}",2,3,0.594594595,0.625,5.113636364
21,"{'dt_class__max_depth': 2, 'dt_class__max_leaf_nodes': 3}",2,3,0.603603604,0.5,-17.1641791
22,"{'dt_class__max_depth': 2, 'dt_class__max_leaf_nodes': 3}",2,3,0,0,NaN
23,"{'dt_class__max_depth': 2, 'dt_class__max_leaf_nodes': 3}",2,3,0,0,NaN
24,"{'dt_class__max_depth': 2, 'dt_class__max_leaf_nodes': 3}",2,3,0.531531532,0.25,-52.96610169
25,"{'dt_class__max_depth': 2, 'dt_class__max_leaf_nodes': 3}",2,3,0.603603604,0.5,-17.1641791
26,"{'dt_class__max_depth': 2, 'dt_class__max_leaf_nodes': 3}",2,3,0,0,NaN
27,"{'dt_class__max_depth': 2, 'dt_class__max_leaf_nodes': 3}",2,3,0,0,NaN
28,"{'dt_class__max_depth': 2, 'dt_class__max_leaf_nodes': 3}",2,3,0,0,NaN
29,"{'dt_class__max_depth': 2, 'dt_class__max_leaf_nodes': 3}",2,3,0,0,NaN
30,"{'dt_class__max_depth': 2, 'dt_class__max_leaf_nodes': 4}",2,4,0.234234234,0.125,-46.63461538
31,"{'dt_class__max_depth': 2, 'dt_class__max_leaf_nodes': 4}",2,4,0,0,NaN
32,"{'dt_class__max_depth': 2, 'dt_class__max_leaf_nodes': 4}",2,4,0,0,NaN
33,"{'dt_class__max_depth': 2, 'dt_class__max_leaf_nodes': 4}",2,4,0,0,NaN
34,"{'dt_class__max_depth': 2, 'dt_class__max_leaf_nodes': 4}",2,4,0.603603604,0.5,-17.1641791
35,"{'dt_class__max_depth': 2, 'dt_class__max_leaf_nodes': 4}",2,4,0.720720721,0.75,4.0625
36,"{'dt_class__max_depth': 2, 'dt_class__max_leaf_nodes': 4}",2,4,0.603603604,0.5,-17.1641791
37,"{'dt_class__max_depth': 2, 'dt_class__max_leaf_nodes': 4}",2,4,0.216216216,0,-100
38,"{'dt_class__max_depth': 2, 'dt_class__max_leaf_nodes': 4}",2,4,0.414414414,0.625,50.81521739
39,"{'dt_class__max_depth': 2, 'dt_class__max_leaf_nodes': 4}",2,4,0.531531532,0.25,-52.96610169
40,"{'dt_class__max_depth': 2, 'dt_class__max_leaf_nodes': 4}",2,4,0.603603604,0.5,-17.1641791
41,"{'dt_class__max_depth': 2, 'dt_class__max_leaf_nodes': 4}",2,4,0.063063063,0.125,98.21428571
42,"{'dt_class__max_depth': 2, 'dt_class__max_leaf_nodes': 4}",2,4,0.243243243,0.125,-48.61111111
43,"{'dt_class__max_depth': 2, 'dt_class__max_leaf_nodes': 4}",2,4,0,0,NaN
44,"{'dt_class__max_depth': 2, 'dt_class__max_leaf_nodes': 4}",2,4,0.4375,0.571428571,30.6122449
45,"{'dt_class__max_depth': 2, 'dt_class__max_leaf_nodes': 5}",2,5,0.234234234,0.125,-46.63461538
46,"{'dt_class__max_depth': 2, 'dt_class__max_leaf_nodes': 5}",2,5,0,0,NaN
47,"{'dt_class__max_depth': 2, 'dt_class__max_leaf_nodes': 5}",2,5,0,0,NaN
48,"{'dt_class__max_depth': 2, 'dt_class__max_leaf_nodes': 5}",2,5,0,0,NaN
49,"{'dt_class__max_depth': 2, 'dt_class__max_leaf_nodes': 5}",2,5,0.603603604,0.5,-17.1641791
50,"{'dt_class__max_depth': 2, 'dt_class__max_leaf_nodes': 5}",2,5,0.720720721,0.75,4.0625
51,"{'dt_class__max_depth': 2, 'dt_class__max_leaf_nodes': 5}",2,5,0.603603604,0.5,-17.1641791
52,"{'dt_class__max_depth': 2, 'dt_class__max_leaf_nodes': 5}",2,5,0.216216216,0,-100
53,"{'dt_class__max_depth': 2, 'dt_class__max_leaf_nodes': 5}",2,5,0.414414414,0.625,50.81521739
54,"{'dt_class__max_depth': 2, 'dt_class__max_leaf_nodes': 5}",2,5,0.531531532,0.25,-52.96610169
55,"{'dt_class__max_depth': 2, 'dt_class__max_leaf_nodes': 5}",2,5,0.603603604,0.5,-17.1641791
56,"{'dt_class__max_depth': 2, 'dt_class__max_leaf_nodes': 5}",2,5,0.063063063,0.125,98.21428571
57,"{'dt_class__max_depth': 2, 'dt_class__max_leaf_nodes': 5}",2,5,0.243243243,0.125,-48.61111111
58,"{'dt_class__max_depth': 2, 'dt_class__max_leaf_nodes': 5}",2,5,0,0,NaN
59,"{'dt_class__max_depth': 2, 'dt_class__max_leaf_nodes': 5}",2,5,0.4375,0.571428571,30.6122449
60,"{'dt_class__max_depth': 2, 'dt_class__max_leaf_nodes': 6}",2,6,0.234234234,0.125,-46.63461538
61,"{'dt_class__max_depth': 2, 'dt_class__max_leaf_nodes': 6}",2,6,0,0,NaN
62,"{'dt_class__max_depth': 2, 'dt_class__max_leaf_nodes': 6}",2,6,0,0,NaN
63,"{'dt_class__max_depth': 2, 'dt_class__max_leaf_nodes': 6}",2,6,0,0,NaN
64,"{'dt_class__max_depth': 2, 'dt_class__max_leaf_nodes': 6}",2,6,0.603603604,0.5,-17.1641791
65,"{'dt_class__max_depth': 2, 'dt_class__max_leaf_nodes': 6}",2,6,0.720720721,0.75,4.0625
66,"{'dt_class__max_depth': 2, 'dt_class__max_leaf_nodes': 6}",2,6,0.603603604,0.5,-17.1641791
67,"{'dt_class__max_depth': 2, 'dt_class__max_leaf_nodes': 6}",2,6,0.216216216,0,-100
68,"{'dt_class__max_depth': 2, 'dt_class__max_leaf_nodes': 6}",2,6,0.414414414,0.625,50.81521739
69,"{'dt_class__max_depth': 2, 'dt_class__max_leaf_nodes': 6}",2,6,0.531531532,0.25,-52.96610169
70,"{'dt_class__max_depth': 2, 'dt_class__max_leaf_nodes': 6}",2,6,0.603603604,0.5,-17.1641791
71,"{'dt_class__max_depth': 2, 'dt_class__max_leaf_nodes': 6}",2,6,0.063063063,0.125,98.21428571
72,"{'dt_class__max_depth': 2, 'dt_class__max_leaf_nodes': 6}",2,6,0.243243243,0.125,-48.61111111
73,"{'dt_class__max_depth': 2, 'dt_class__max_leaf_nodes': 6}",2,6,0,0,NaN
74,"{'dt_class__max_depth': 2, 'dt_class__max_leaf_nodes': 6}",2,6,0.4375,0.571428571,30.6122449
75,"{'dt_class__max_depth': 2, 'dt_class__max_leaf_nodes': 7}",2,7,0.234234234,0.125,-46.63461538
76,"{'dt_class__max_depth': 2, 'dt_class__max_leaf_nodes': 7}",2,7,0,0,NaN
77,"{'dt_class__max_depth': 2, 'dt_class__max_leaf_nodes': 7}",2,7,0,0,NaN
78,"{'dt_class__max_depth': 2, 'dt_class__max_leaf_nodes': 7}",2,7,0,0,NaN
79,"{'dt_class__max_depth': 2, 'dt_class__max_leaf_nodes': 7}",2,7,0.603603604,0.5,-17.1641791
80,"{'dt_class__max_depth': 2, 'dt_class__max_leaf_nodes': 7}",2,7,0.720720721,0.75,4.0625
81,"{'dt_class__max_depth': 2, 'dt_class__max_leaf_nodes': 7}",2,7,0.603603604,0.5,-17.1641791
82,"{'dt_class__max_depth': 2, 'dt_class__max_leaf_nodes': 7}",2,7,0.216216216,0,-100
83,"{'dt_class__max_depth': 2, 'dt_class__max_leaf_nodes': 7}",2,7,0.414414414,0.625,50.81521739
84,"{'dt_class__max_depth': 2, 'dt_class__max_leaf_nodes': 7}",2,7,0.531531532,0.25,-52.96610169
85,"{'dt_class__max_depth': 2, 'dt_class__max_leaf_nodes': 7}",2,7,0.603603604,0.5,-17.1641791
86,"{'dt_class__max_depth': 2, 'dt_class__max_leaf_nodes': 7}",2,7,0.063063063,0.125,98.21428571
87,"{'dt_class__max_depth': 2, 'dt_class__max_leaf_nodes': 7}",2,7,0.243243243,0.125,-48.61111111
88,"{'dt_class__max_depth': 2, 'dt_class__max_leaf_nodes': 7}",2,7,0,0,NaN
89,"{'dt_class__max_depth': 2, 'dt_class__max_leaf_nodes': 7}",2,7,0.4375,0.571428571,30.6122449
90,"{'dt_class__max_depth': 3, 'dt_class__max_leaf_nodes': 2}",3,2,0.603603604,0.5,-17.1641791
91,"{'dt_class__max_depth': 3, 'dt_class__max_leaf_nodes': 2}",3,2,0.738738739,0.75,1.524390244
92,"{'dt_class__max_depth': 3, 'dt_class__max_leaf_nodes': 2}",3,2,0.594594595,0.625,5.113636364
93,"{'dt_class__max_depth': 3, 'dt_class__max_leaf_nodes': 2}",3,2,0.765765766,0.375,-51.02941176
94,"{'dt_class__max_depth': 3, 'dt_class__max_leaf_nodes': 2}",3,2,0.747747748,0.5,-33.13253012
95,"{'dt_class__max_depth': 3, 'dt_class__max_leaf_nodes': 2}",3,2,0.72972973,0.75,2.777777778
96,"{'dt_class__max_depth': 3, 'dt_class__max_leaf_nodes': 2}",3,2,0.603603604,0.5,-17.1641791
97,"{'dt_class__max_depth': 3, 'dt_class__max_leaf_nodes': 2}",3,2,0.585585586,0.75,28.07692308
98,"{'dt_class__max_depth': 3, 'dt_class__max_leaf_nodes': 2}",3,2,0.423423423,0.25,-40.95744681
99,"{'dt_class__max_depth': 3, 'dt_class__max_leaf_nodes': 2}",3,2,0.792792793,0.75,-5.397727273
100,"{'dt_class__max_depth': 3, 'dt_class__max_leaf_nodes': 2}",3,2,0.603603604,0.5,-17.1641791
101,"{'dt_class__max_depth': 3, 'dt_class__max_leaf_nodes': 2}",3,2,0.738738739,0.75,1.524390244
102,"{'dt_class__max_depth': 3, 'dt_class__max_leaf_nodes': 2}",3,2,0.603603604,0.5,-17.1641791
103,"{'dt_class__max_depth': 3, 'dt_class__max_leaf_nodes': 2}",3,2,0.414414414,0.375,-9.510869565
104,"{'dt_class__max_depth': 3, 'dt_class__max_leaf_nodes': 2}",3,2,0.419642857,0.285714286,-31.91489362
105,"{'dt_class__max_depth': 3, 'dt_class__max_leaf_nodes': 3}",3,3,0,0,NaN
106,"{'dt_class__max_depth': 3, 'dt_class__max_leaf_nodes': 3}",3,3,0,0,NaN
107,"{'dt_class__max_depth': 3, 'dt_class__max_leaf_nodes': 3}",3,3,0,0,NaN
108,"{'dt_class__max_depth': 3, 'dt_class__max_leaf_nodes': 3}",3,3,0,0,NaN
109,"{'dt_class__max_depth': 3, 'dt_class__max_leaf_nodes': 3}",3,3,0.603603604,0.5,-17.1641791
110,"{'dt_class__max_depth': 3, 'dt_class__max_leaf_nodes': 3}",3,3,0.594594595,0.625,5.113636364
111,"{'dt_class__max_depth': 3, 'dt_class__max_leaf_nodes': 3}",3,3,0.603603604,0.5,-17.1641791
112,"{'dt_class__max_depth': 3, 'dt_class__max_leaf_nodes': 3}",3,3,0,0,NaN
113,"{'dt_class__max_depth': 3, 'dt_class__max_leaf_nodes': 3}",3,3,0,0,NaN
114,"{'dt_class__max_depth': 3, 'dt_class__max_leaf_nodes': 3}",3,3,0.531531532,0.25,-52.96610169
115,"{'dt_class__max_depth': 3, 'dt_class__max_leaf_nodes': 3}",3,3,0.603603604,0.5,-17.1641791
116,"{'dt_class__max_depth': 3, 'dt_class__max_leaf_nodes': 3}",3,3,0,0,NaN
117,"{'dt_class__max_depth': 3, 'dt_class__max_leaf_nodes': 3}",3,3,0,0,NaN
118,"{'dt_class__max_depth': 3, 'dt_class__max_leaf_nodes': 3}",3,3,0,0,NaN
119,"{'dt_class__max_depth': 3, 'dt_class__max_leaf_nodes': 3}",3,3,0,0,NaN
120,"{'dt_class__max_depth': 3, 'dt_class__max_leaf_nodes': 4}",3,4,0.522522523,0.25,-52.15517241
121,"{'dt_class__max_depth': 3, 'dt_class__max_leaf_nodes': 4}",3,4,0.63963964,0.625,-2.288732394
122,"{'dt_class__max_depth': 3, 'dt_class__max_leaf_nodes': 4}",3,4,0.477477477,0.5,4.716981132
123,"{'dt_class__max_depth': 3, 'dt_class__max_leaf_nodes': 4}",3,4,0.666666667,0.25,-62.5
124,"{'dt_class__max_depth': 3, 'dt_class__max_leaf_nodes': 4}",3,4,0.540540541,0.375,-30.625
125,"{'dt_class__max_depth': 3, 'dt_class__max_leaf_nodes': 4}",3,4,0.477477477,0.375,-21.46226415
126,"{'dt_class__max_depth': 3, 'dt_class__max_leaf_nodes': 4}",3,4,0.486486486,0.375,-22.91666667
127,"{'dt_class__max_depth': 3, 'dt_class__max_leaf_nodes': 4}",3,4,0.495495495,0.625,26.13636364
128,"{'dt_class__max_depth': 3, 'dt_class__max_leaf_nodes': 4}",3,4,0.414414414,0.625,50.81521739
129,"{'dt_class__max_depth': 3, 'dt_class__max_leaf_nodes': 4}",3,4,0.531531532,0.25,-52.96610169
130,"{'dt_class__max_depth': 3, 'dt_class__max_leaf_nodes': 4}",3,4,0.495495495,0.375,-24.31818182
131,"{'dt_class__max_depth': 3, 'dt_class__max_leaf_nodes': 4}",3,4,0.630630631,0.75,18.92857143
132,"{'dt_class__max_depth': 3, 'dt_class__max_leaf_nodes': 4}",3,4,0.486486486,0.5,2.777777778
133,"{'dt_class__max_depth': 3, 'dt_class__max_leaf_nodes': 4}",3,4,0,0,NaN
134,"{'dt_class__max_depth': 3, 'dt_class__max_leaf_nodes': 4}",3,4,0.4375,0.571428571,30.6122449
135,"{'dt_class__max_depth': 3, 'dt_class__max_leaf_nodes': 5}",3,5,0.756756757,0.375,-50.44642857
136,"{'dt_class__max_depth': 3, 'dt_class__max_leaf_nodes': 5}",3,5,0.63963964,0.625,-2.288732394
137,"{'dt_class__max_depth': 3, 'dt_class__max_leaf_nodes': 5}",3,5,0.477477477,0.5,4.716981132
138,"{'dt_class__max_depth': 3, 'dt_class__max_leaf_nodes': 5}",3,5,0.666666667,0.25,-62.5
139,"{'dt_class__max_depth': 3, 'dt_class__max_leaf_nodes': 5}",3,5,0.540540541,0.375,-30.625
140,"{'dt_class__max_depth': 3, 'dt_class__max_leaf_nodes': 5}",3,5,0.603603604,0.5,-17.1641791
141,"{'dt_class__max_depth': 3, 'dt_class__max_leaf_nodes': 5}",3,5,0.486486486,0.375,-22.91666667
142,"{'dt_class__max_depth': 3, 'dt_class__max_leaf_nodes': 5}",3,5,0.711711712,0.625,-12.1835443
143,"{'dt_class__max_depth': 3, 'dt_class__max_leaf_nodes': 5}",3,5,0.279279279,0.5,79.03225806
144,"{'dt_class__max_depth': 3, 'dt_class__max_leaf_nodes': 5}",3,5,0.459459459,0.125,-72.79411765
145,"{'dt_class__max_depth': 3, 'dt_class__max_leaf_nodes': 5}",3,5,0.495495495,0.375,-24.31818182
146,"{'dt_class__max_depth': 3, 'dt_class__max_leaf_nodes': 5}",3,5,0.693693694,0.875,26.13636364
147,"{'dt_class__max_depth': 3, 'dt_class__max_leaf_nodes': 5}",3,5,0.72972973,0.625,-14.35185185
148,"{'dt_class__max_depth': 3, 'dt_class__max_leaf_nodes': 5}",3,5,0.315315315,0.25,-20.71428571
149,"{'dt_class__max_depth': 3, 'dt_class__max_leaf_nodes': 5}",3,5,0.758928571,0.571428571,-24.70588235
150,"{'dt_class__max_depth': 3, 'dt_class__max_leaf_nodes': 6}",3,6,0.72972973,0.25,-65.74074074
151,"{'dt_class__max_depth': 3, 'dt_class__max_leaf_nodes': 6}",3,6,0.72972973,0.75,2.777777778
152,"{'dt_class__max_depth': 3, 'dt_class__max_leaf_nodes': 6}",3,6,0.747747748,0.75,0.301204819
153,"{'dt_class__max_depth': 3, 'dt_class__max_leaf_nodes': 6}",3,6,0.783783784,0.5,-36.20689655
154,"{'dt_class__max_depth': 3, 'dt_class__max_leaf_nodes': 6}",3,6,0.540540541,0.375,-30.625
155,"{'dt_class__max_depth': 3, 'dt_class__max_leaf_nodes': 6}",3,6,0.477477477,0.375,-21.46226415
156,"{'dt_class__max_depth': 3, 'dt_class__max_leaf_nodes': 6}",3,6,0.738738739,0.75,1.524390244
157,"{'dt_class__max_depth': 3, 'dt_class__max_leaf_nodes': 6}",3,6,0.675675676,0.625,-7.5
158,"{'dt_class__max_depth': 3, 'dt_class__max_leaf_nodes': 6}",3,6,0.594594595,0.625,5.113636364
159,"{'dt_class__max_depth': 3, 'dt_class__max_leaf_nodes': 6}",3,6,0.459459459,0.125,-72.79411765
160,"{'dt_class__max_depth': 3, 'dt_class__max_leaf_nodes': 6}",3,6,0.756756757,0.625,-17.41071429
161,"{'dt_class__max_depth': 3, 'dt_class__max_leaf_nodes': 6}",3,6,0.684684685,0.875,27.79605263
162,"{'dt_class__max_depth': 3, 'dt_class__max_leaf_nodes': 6}",3,6,0.693693694,0.625,-9.902597403
163,"{'dt_class__max_depth': 3, 'dt_class__max_leaf_nodes': 6}",3,6,0.522522523,0.375,-28.23275862
164,"{'dt_class__max_depth': 3, 'dt_class__max_leaf_nodes': 6}",3,6,0.5625,0.285714286,-49.20634921
165,"{'dt_class__max_depth': 3, 'dt_class__max_leaf_nodes': 7}",3,7,0.72972973,0.25,-65.74074074
166,"{'dt_class__max_depth': 3, 'dt_class__max_leaf_nodes': 7}",3,7,0.756756757,0.75,-0.892857143
167,"{'dt_class__max_depth': 3, 'dt_class__max_leaf_nodes': 7}",3,7,0.774774775,0.875,12.93604651
168,"{'dt_class__max_depth': 3, 'dt_class__max_leaf_nodes': 7}",3,7,0.810810811,0.5,-38.33333333
169,"{'dt_class__max_depth': 3, 'dt_class__max_leaf_nodes': 7}",3,7,0.540540541,0.375,-30.625
170,"{'dt_class__max_depth': 3, 'dt_class__max_leaf_nodes': 7}",3,7,0.477477477,0.375,-21.46226415
171,"{'dt_class__max_depth': 3, 'dt_class__max_leaf_nodes': 7}",3,7,0.774774775,0.75,-3.197674419
172,"{'dt_class__max_depth': 3, 'dt_class__max_leaf_nodes': 7}",3,7,0.675675676,0.625,-7.5
173,"{'dt_class__max_depth': 3, 'dt_class__max_leaf_nodes': 7}",3,7,0.594594595,0.625,5.113636364
174,"{'dt_class__max_depth': 3, 'dt_class__max_leaf_nodes': 7}",3,7,0.531531532,0.125,-76.48305085
175,"{'dt_class__max_depth': 3, 'dt_class__max_leaf_nodes': 7}",3,7,0.792792793,0.625,-21.16477273
176,"{'dt_class__max_depth': 3, 'dt_class__max_leaf_nodes': 7}",3,7,0.684684685,0.875,27.79605263
177,"{'dt_class__max_depth': 3, 'dt_class__max_leaf_nodes': 7}",3,7,0.693693694,0.625,-9.902597403
178,"{'dt_class__max_depth': 3, 'dt_class__max_leaf_nodes': 7}",3,7,0.522522523,0.375,-28.23275862
179,"{'dt_class__max_depth': 3, 'dt_class__max_leaf_nodes': 7}",3,7,0.5625,0.285714286,-49.20634921
180,"{'dt_class__max_depth': 4, 'dt_class__max_leaf_nodes': 2}",4,2,0.603603604,0.5,-17.1641791
181,"{'dt_class__max_depth': 4, 'dt_class__max_leaf_nodes': 2}",4,2,0.738738739,0.75,1.524390244
182,"{'dt_class__max_depth': 4, 'dt_class__max_leaf_nodes': 2}",4,2,0.594594595,0.625,5.113636364
183,"{'dt_class__max_depth': 4, 'dt_class__max_leaf_nodes': 2}",4,2,0.765765766,0.375,-51.02941176
184,"{'dt_class__max_depth': 4, 'dt_class__max_leaf_nodes': 2}",4,2,0.747747748,0.5,-33.13253012
185,"{'dt_class__max_depth': 4, 'dt_class__max_leaf_nodes': 2}",4,2,0.72972973,0.75,2.777777778
186,"{'dt_class__max_depth': 4, 'dt_class__max_leaf_nodes': 2}",4,2,0.603603604,0.5,-17.1641791
187,"{'dt_class__max_depth': 4, 'dt_class__max_leaf_nodes': 2}",4,2,0.585585586,0.75,28.07692308
188,"{'dt_class__max_depth': 4, 'dt_class__max_leaf_nodes': 2}",4,2,0.423423423,0.25,-40.95744681
189,"{'dt_class__max_depth': 4, 'dt_class__max_leaf_nodes': 2}",4,2,0.792792793,0.75,-5.397727273
190,"{'dt_class__max_depth': 4, 'dt_class__max_leaf_nodes': 2}",4,2,0.603603604,0.5,-17.1641791
191,"{'dt_class__max_depth': 4, 'dt_class__max_leaf_nodes': 2}",4,2,0.738738739,0.75,1.524390244
192,"{'dt_class__max_depth': 4, 'dt_class__max_leaf_nodes': 2}",4,2,0.603603604,0.5,-17.1641791
193,"{'dt_class__max_depth': 4, 'dt_class__max_leaf_nodes': 2}",4,2,0.414414414,0.375,-9.510869565
194,"{'dt_class__max_depth': 4, 'dt_class__max_leaf_nodes': 2}",4,2,0.419642857,0.285714286,-31.91489362
195,"{'dt_class__max_depth': 4, 'dt_class__max_leaf_nodes': 3}",4,3,0,0,NaN
196,"{'dt_class__max_depth': 4, 'dt_class__max_leaf_nodes': 3}",4,3,0,0,NaN
197,"{'dt_class__max_depth': 4, 'dt_class__max_leaf_nodes': 3}",4,3,0,0,NaN
198,"{'dt_class__max_depth': 4, 'dt_class__max_leaf_nodes': 3}",4,3,0,0,NaN
199,"{'dt_class__max_depth': 4, 'dt_class__max_leaf_nodes': 3}",4,3,0.603603604,0.5,-17.1641791
200,"{'dt_class__max_depth': 4, 'dt_class__max_leaf_nodes': 3}",4,3,0.594594595,0.625,5.113636364
201,"{'dt_class__max_depth': 4, 'dt_class__max_leaf_nodes': 3}",4,3,0.603603604,0.5,-17.1641791
202,"{'dt_class__max_depth': 4, 'dt_class__max_leaf_nodes': 3}",4,3,0,0,NaN
203,"{'dt_class__max_depth': 4, 'dt_class__max_leaf_nodes': 3}",4,3,0,0,NaN
204,"{'dt_class__max_depth': 4, 'dt_class__max_leaf_nodes': 3}",4,3,0.531531532,0.25,-52.96610169
205,"{'dt_class__max_depth': 4, 'dt_class__max_leaf_nodes': 3}",4,3,0.603603604,0.5,-17.1641791
206,"{'dt_class__max_depth': 4, 'dt_class__max_leaf_nodes': 3}",4,3,0,0,NaN
207,"{'dt_class__max_depth': 4, 'dt_class__max_leaf_nodes': 3}",4,3,0,0,NaN
208,"{'dt_class__max_depth': 4, 'dt_class__max_leaf_nodes': 3}",4,3,0,0,NaN
209,"{'dt_class__max_depth': 4, 'dt_class__max_leaf_nodes': 3}",4,3,0,0,NaN
210,"{'dt_class__max_depth': 4, 'dt_class__max_leaf_nodes': 4}",4,4,0.522522523,0.25,-52.15517241
211,"{'dt_class__max_depth': 4, 'dt_class__max_leaf_nodes': 4}",4,4,0.63963964,0.625,-2.288732394
212,"{'dt_class__max_depth': 4, 'dt_class__max_leaf_nodes': 4}",4,4,0.477477477,0.5,4.716981132
213,"{'dt_class__max_depth': 4, 'dt_class__max_leaf_nodes': 4}",4,4,0.666666667,0.25,-62.5
214,"{'dt_class__max_depth': 4, 'dt_class__max_leaf_nodes': 4}",4,4,0.540540541,0.375,-30.625
215,"{'dt_class__max_depth': 4, 'dt_class__max_leaf_nodes': 4}",4,4,0.477477477,0.375,-21.46226415
216,"{'dt_class__max_depth': 4, 'dt_class__max_leaf_nodes': 4}",4,4,0.486486486,0.375,-22.91666667
217,"{'dt_class__max_depth': 4, 'dt_class__max_leaf_nodes': 4}",4,4,0.495495495,0.625,26.13636364
218,"{'dt_class__max_depth': 4, 'dt_class__max_leaf_nodes': 4}",4,4,0.414414414,0.625,50.81521739
219,"{'dt_class__max_depth': 4, 'dt_class__max_leaf_nodes': 4}",4,4,0.531531532,0.25,-52.96610169
220,"{'dt_class__max_depth': 4, 'dt_class__max_leaf_nodes': 4}",4,4,0.495495495,0.375,-24.31818182
221,"{'dt_class__max_depth': 4, 'dt_class__max_leaf_nodes': 4}",4,4,0.630630631,0.75,18.92857143
222,"{'dt_class__max_depth': 4, 'dt_class__max_leaf_nodes': 4}",4,4,0.486486486,0.5,2.777777778
223,"{'dt_class__max_depth': 4, 'dt_class__max_leaf_nodes': 4}",4,4,0,0,NaN
224,"{'dt_class__max_depth': 4, 'dt_class__max_leaf_nodes': 4}",4,4,0.4375,0.571428571,30.6122449
225,"{'dt_class__max_depth': 4, 'dt_class__max_leaf_nodes': 5}",4,5,0.756756757,0.375,-50.44642857
226,"{'dt_class__max_depth': 4, 'dt_class__max_leaf_nodes': 5}",4,5,0.387387387,0.5,29.06976744
227,"{'dt_class__max_depth': 4, 'dt_class__max_leaf_nodes': 5}",4,5,0.477477477,0.5,4.716981132
228,"{'dt_class__max_depth': 4, 'dt_class__max_leaf_nodes': 5}",4,5,0.594594595,0.125,-78.97727273
229,"{'dt_class__max_depth': 4, 'dt_class__max_leaf_nodes': 5}",4,5,0.540540541,0.375,-30.625
230,"{'dt_class__max_depth': 4, 'dt_class__max_leaf_nodes': 5}",4,5,0.603603604,0.5,-17.1641791
231,"{'dt_class__max_depth': 4, 'dt_class__max_leaf_nodes': 5}",4,5,0.486486486,0.375,-22.91666667
232,"{'dt_class__max_depth': 4, 'dt_class__max_leaf_nodes': 5}",4,5,0.711711712,0.625,-12.1835443
233,"{'dt_class__max_depth': 4, 'dt_class__max_leaf_nodes': 5}",4,5,0.279279279,0.5,79.03225806
234,"{'dt_class__max_depth': 4, 'dt_class__max_leaf_nodes': 5}",4,5,0.459459459,0.125,-72.79411765
235,"{'dt_class__max_depth': 4, 'dt_class__max_leaf_nodes': 5}",4,5,0.495495495,0.375,-24.31818182
236,"{'dt_class__max_depth': 4, 'dt_class__max_leaf_nodes': 5}",4,5,0.261261261,0.125,-52.15517241
237,"{'dt_class__max_depth': 4, 'dt_class__max_leaf_nodes': 5}",4,5,0.72972973,0.625,-14.35185185
238,"{'dt_class__max_depth': 4, 'dt_class__max_leaf_nodes': 5}",4,5,0.315315315,0.25,-20.71428571
239,"{'dt_class__max_depth': 4, 'dt_class__max_leaf_nodes': 5}",4,5,0.758928571,0.571428571,-24.70588235
240,"{'dt_class__max_depth': 4, 'dt_class__max_leaf_nodes': 6}",4,6,0.63963964,0.375,-41.37323944
241,"{'dt_class__max_depth': 4, 'dt_class__max_leaf_nodes': 6}",4,6,0.387387387,0.5,29.06976744
242,"{'dt_class__max_depth': 4, 'dt_class__max_leaf_nodes': 6}",4,6,0.558558559,0.5,-10.48387097
243,"{'dt_class__max_depth': 4, 'dt_class__max_leaf_nodes': 6}",4,6,0.594594595,0.125,-78.97727273
244,"{'dt_class__max_depth': 4, 'dt_class__max_leaf_nodes': 6}",4,6,0.540540541,0.375,-30.625
245,"{'dt_class__max_depth': 4, 'dt_class__max_leaf_nodes': 6}",4,6,0.477477477,0.375,-21.46226415
246,"{'dt_class__max_depth': 4, 'dt_class__max_leaf_nodes': 6}",4,6,0.387387387,0.25,-35.46511628
247,"{'dt_class__max_depth': 4, 'dt_class__max_leaf_nodes': 6}",4,6,0.486486486,0.25,-48.61111111
248,"{'dt_class__max_depth': 4, 'dt_class__max_leaf_nodes': 6}",4,6,0.594594595,0.625,5.113636364
249,"{'dt_class__max_depth': 4, 'dt_class__max_leaf_nodes': 6}",4,6,0.594594595,0.375,-36.93181818
250,"{'dt_class__max_depth': 4, 'dt_class__max_leaf_nodes': 6}",4,6,0.756756757,0.625,-17.41071429
251,"{'dt_class__max_depth': 4, 'dt_class__max_leaf_nodes': 6}",4,6,0.324324324,0.25,-22.91666667
252,"{'dt_class__max_depth': 4, 'dt_class__max_leaf_nodes': 6}",4,6,0.648648649,0.125,-80.72916667
253,"{'dt_class__max_depth': 4, 'dt_class__max_leaf_nodes': 6}",4,6,0.522522523,0.375,-28.23275862
254,"{'dt_class__max_depth': 4, 'dt_class__max_leaf_nodes': 6}",4,6,0.723214286,0.571428571,-20.98765432
255,"{'dt_class__max_depth': 4, 'dt_class__max_leaf_nodes': 7}",4,7,0.612612613,0.25,-59.19117647
256,"{'dt_class__max_depth': 4, 'dt_class__max_leaf_nodes': 7}",4,7,0.477477477,0.625,30.89622642
257,"{'dt_class__max_depth': 4, 'dt_class__max_leaf_nodes': 7}",4,7,0.828828829,0.75,-9.510869565
258,"{'dt_class__max_depth': 4, 'dt_class__max_leaf_nodes': 7}",4,7,0.711711712,0.375,-47.31012658
259,"{'dt_class__max_depth': 4, 'dt_class__max_leaf_nodes': 7}",4,7,0.45045045,0.25,-44.5
260,"{'dt_class__max_depth': 4, 'dt_class__max_leaf_nodes': 7}",4,7,0.396396396,0.375,-5.397727273
261,"{'dt_class__max_depth': 4, 'dt_class__max_leaf_nodes': 7}",4,7,0.63963964,0.625,-2.288732394
262,"{'dt_class__max_depth': 4, 'dt_class__max_leaf_nodes': 7}",4,7,0.486486486,0.25,-48.61111111
263,"{'dt_class__max_depth': 4, 'dt_class__max_leaf_nodes': 7}",4,7,0.558558559,0.625,11.89516129
264,"{'dt_class__max_depth': 4, 'dt_class__max_leaf_nodes': 7}",4,7,0.495495495,0.375,-24.31818182
265,"{'dt_class__max_depth': 4, 'dt_class__max_leaf_nodes': 7}",4,7,0.648648649,0.625,-3.645833333
266,"{'dt_class__max_depth': 4, 'dt_class__max_leaf_nodes': 7}",4,7,0.315315315,0.25,-20.71428571
267,"{'dt_class__max_depth': 4, 'dt_class__max_leaf_nodes': 7}",4,7,0.720720721,0.125,-82.65625
268,"{'dt_class__max_depth': 4, 'dt_class__max_leaf_nodes': 7}",4,7,0.396396396,0.25,-36.93181818
269,"{'dt_class__max_depth': 4, 'dt_class__max_leaf_nodes': 7}",4,7,0.526785714,0.285714286,-45.76271186
270,"{'dt_class__max_depth': 5, 'dt_class__max_leaf_nodes': 2}",5,2,0.603603604,0.5,-17.1641791
271,"{'dt_class__max_depth': 5, 'dt_class__max_leaf_nodes': 2}",5,2,0.738738739,0.75,1.524390244
272,"{'dt_class__max_depth': 5, 'dt_class__max_leaf_nodes': 2}",5,2,0.594594595,0.625,5.113636364
273,"{'dt_class__max_depth': 5, 'dt_class__max_leaf_nodes': 2}",5,2,0.765765766,0.375,-51.02941176
274,"{'dt_class__max_depth': 5, 'dt_class__max_leaf_nodes': 2}",5,2,0.747747748,0.5,-33.13253012
275,"{'dt_class__max_depth': 5, 'dt_class__max_leaf_nodes': 2}",5,2,0.72972973,0.75,2.777777778
276,"{'dt_class__max_depth': 5, 'dt_class__max_leaf_nodes': 2}",5,2,0.603603604,0.5,-17.1641791
277,"{'dt_class__max_depth': 5, 'dt_class__max_leaf_nodes': 2}",5,2,0.585585586,0.75,28.07692308
278,"{'dt_class__max_depth': 5, 'dt_class__max_leaf_nodes': 2}",5,2,0.423423423,0.25,-40.95744681
279,"{'dt_class__max_depth': 5, 'dt_class__max_leaf_nodes': 2}",5,2,0.792792793,0.75,-5.397727273
280,"{'dt_class__max_depth': 5, 'dt_class__max_leaf_nodes': 2}",5,2,0.603603604,0.5,-17.1641791
281,"{'dt_class__max_depth': 5, 'dt_class__max_leaf_nodes': 2}",5,2,0.738738739,0.75,1.524390244
282,"{'dt_class__max_depth': 5, 'dt_class__max_leaf_nodes': 2}",5,2,0.603603604,0.5,-17.1641791
283,"{'dt_class__max_depth': 5, 'dt_class__max_leaf_nodes': 2}",5,2,0.414414414,0.375,-9.510869565
284,"{'dt_class__max_depth': 5, 'dt_class__max_leaf_nodes': 2}",5,2,0.419642857,0.285714286,-31.91489362
285,"{'dt_class__max_depth': 5, 'dt_class__max_leaf_nodes': 3}",5,3,0,0,NaN
286,"{'dt_class__max_depth': 5, 'dt_class__max_leaf_nodes': 3}",5,3,0,0,NaN
287,"{'dt_class__max_depth': 5, 'dt_class__max_leaf_nodes': 3}",5,3,0,0,NaN
288,"{'dt_class__max_depth': 5, 'dt_class__max_leaf_nodes': 3}",5,3,0,0,NaN
289,"{'dt_class__max_depth': 5, 'dt_class__max_leaf_nodes': 3}",5,3,0.603603604,0.5,-17.1641791
290,"{'dt_class__max_depth': 5, 'dt_class__max_leaf_nodes': 3}",5,3,0.594594595,0.625,5.113636364
291,"{'dt_class__max_depth': 5, 'dt_class__max_leaf_nodes': 3}",5,3,0.603603604,0.5,-17.1641791
292,"{'dt_class__max_depth': 5, 'dt_class__max_leaf_nodes': 3}",5,3,0,0,NaN
293,"{'dt_class__max_depth': 5, 'dt_class__max_leaf_nodes': 3}",5,3,0,0,NaN
294,"{'dt_class__max_depth': 5, 'dt_class__max_leaf_nodes': 3}",5,3,0.531531532,0.25,-52.96610169
295,"{'dt_class__max_depth': 5, 'dt_class__max_leaf_nodes': 3}",5,3,0.603603604,0.5,-17.1641791
296,"{'dt_class__max_depth': 5, 'dt_class__max_leaf_nodes': 3}",5,3,0,0,NaN
297,"{'dt_class__max_depth': 5, 'dt_class__max_leaf_nodes': 3}",5,3,0,0,NaN
298,"{'dt_class__max_depth': 5, 'dt_class__max_leaf_nodes': 3}",5,3,0,0,NaN
299,"{'dt_class__max_depth': 5, 'dt_class__max_leaf_nodes': 3}",5,3,0,0,NaN
300,"{'dt_class__max_depth': 5, 'dt_class__max_leaf_nodes': 4}",5,4,0.522522523,0.25,-52.15517241
301,"{'dt_class__max_depth': 5, 'dt_class__max_leaf_nodes': 4}",5,4,0.63963964,0.625,-2.288732394
302,"{'dt_class__max_depth': 5, 'dt_class__max_leaf_nodes': 4}",5,4,0.477477477,0.5,4.716981132
303,"{'dt_class__max_depth': 5, 'dt_class__max_leaf_nodes': 4}",5,4,0.666666667,0.25,-62.5
304,"{'dt_class__max_depth': 5, 'dt_class__max_leaf_nodes': 4}",5,4,0.540540541,0.375,-30.625
305,"{'dt_class__max_depth': 5, 'dt_class__max_leaf_nodes': 4}",5,4,0.477477477,0.375,-21.46226415
306,"{'dt_class__max_depth': 5, 'dt_class__max_leaf_nodes': 4}",5,4,0.486486486,0.375,-22.91666667
307,"{'dt_class__max_depth': 5, 'dt_class__max_leaf_nodes': 4}",5,4,0.495495495,0.625,26.13636364
308,"{'dt_class__max_depth': 5, 'dt_class__max_leaf_nodes': 4}",5,4,0.414414414,0.625,50.81521739
309,"{'dt_class__max_depth': 5, 'dt_class__max_leaf_nodes': 4}",5,4,0.531531532,0.25,-52.96610169
310,"{'dt_class__max_depth': 5, 'dt_class__max_leaf_nodes': 4}",5,4,0.495495495,0.375,-24.31818182
311,"{'dt_class__max_depth': 5, 'dt_class__max_leaf_nodes': 4}",5,4,0.630630631,0.75,18.92857143
312,"{'dt_class__max_depth': 5, 'dt_class__max_leaf_nodes': 4}",5,4,0.486486486,0.5,2.777777778
313,"{'dt_class__max_depth': 5, 'dt_class__max_leaf_nodes': 4}",5,4,0,0,NaN
314,"{'dt_class__max_depth': 5, 'dt_class__max_leaf_nodes': 4}",5,4,0.4375,0.571428571,30.6122449
315,"{'dt_class__max_depth': 5, 'dt_class__max_leaf_nodes': 5}",5,5,0.756756757,0.375,-50.44642857
316,"{'dt_class__max_depth': 5, 'dt_class__max_leaf_nodes': 5}",5,5,0.387387387,0.5,29.06976744
317,"{'dt_class__max_depth': 5, 'dt_class__max_leaf_nodes': 5}",5,5,0.477477477,0.5,4.716981132
318,"{'dt_class__max_depth': 5, 'dt_class__max_leaf_nodes': 5}",5,5,0.594594595,0.125,-78.97727273
319,"{'dt_class__max_depth': 5, 'dt_class__max_leaf_nodes': 5}",5,5,0.540540541,0.375,-30.625
320,"{'dt_class__max_depth': 5, 'dt_class__max_leaf_nodes': 5}",5,5,0.603603604,0.5,-17.1641791
321,"{'dt_class__max_depth': 5, 'dt_class__max_leaf_nodes': 5}",5,5,0.486486486,0.375,-22.91666667
322,"{'dt_class__max_depth': 5, 'dt_class__max_leaf_nodes': 5}",5,5,0.711711712,0.625,-12.1835443
323,"{'dt_class__max_depth': 5, 'dt_class__max_leaf_nodes': 5}",5,5,0.279279279,0.5,79.03225806
324,"{'dt_class__max_depth': 5, 'dt_class__max_leaf_nodes': 5}",5,5,0.459459459,0.125,-72.79411765
325,"{'dt_class__max_depth': 5, 'dt_class__max_leaf_nodes': 5}",5,5,0.495495495,0.375,-24.31818182
326,"{'dt_class__max_depth': 5, 'dt_class__max_leaf_nodes': 5}",5,5,0.261261261,0.125,-52.15517241
327,"{'dt_class__max_depth': 5, 'dt_class__max_leaf_nodes': 5}",5,5,0.72972973,0.625,-14.35185185
328,"{'dt_class__max_depth': 5, 'dt_class__max_leaf_nodes': 5}",5,5,0.315315315,0.25,-20.71428571
329,"{'dt_class__max_depth': 5, 'dt_class__max_leaf_nodes': 5}",5,5,0.758928571,0.571428571,-24.70588235
330,"{'dt_class__max_depth': 5, 'dt_class__max_leaf_nodes': 6}",5,6,0.63963964,0.375,-41.37323944
331,"{'dt_class__max_depth': 5, 'dt_class__max_leaf_nodes': 6}",5,6,0.387387387,0.5,29.06976744
332,"{'dt_class__max_depth': 5, 'dt_class__max_leaf_nodes': 6}",5,6,0.558558559,0.5,-10.48387097
333,"{'dt_class__max_depth': 5, 'dt_class__max_leaf_nodes': 6}",5,6,0.459459459,0,-100
334,"{'dt_class__max_depth': 5, 'dt_class__max_leaf_nodes': 6}",5,6,0.540540541,0.375,-30.625
335,"{'dt_class__max_depth': 5, 'dt_class__max_leaf_nodes': 6}",5,6,0.477477477,0.375,-21.46226415
336,"{'dt_class__max_depth': 5, 'dt_class__max_leaf_nodes': 6}",5,6,0.387387387,0.25,-35.46511628
337,"{'dt_class__max_depth': 5, 'dt_class__max_leaf_nodes': 6}",5,6,0.486486486,0.25,-48.61111111
338,"{'dt_class__max_depth': 5, 'dt_class__max_leaf_nodes': 6}",5,6,0.594594595,0.625,5.113636364
339,"{'dt_class__max_depth': 5, 'dt_class__max_leaf_nodes': 6}",5,6,0.594594595,0.375,-36.93181818
340,"{'dt_class__max_depth': 5, 'dt_class__max_leaf_nodes': 6}",5,6,0.756756757,0.625,-17.41071429
341,"{'dt_class__max_depth': 5, 'dt_class__max_leaf_nodes': 6}",5,6,0.603603604,0.75,24.25373134
342,"{'dt_class__max_depth': 5, 'dt_class__max_leaf_nodes': 6}",5,6,0.648648649,0.125,-80.72916667
343,"{'dt_class__max_depth': 5, 'dt_class__max_leaf_nodes': 6}",5,6,0.522522523,0.375,-28.23275862
344,"{'dt_class__max_depth': 5, 'dt_class__max_leaf_nodes': 6}",5,6,0.723214286,0.571428571,-20.98765432
345,"{'dt_class__max_depth': 5, 'dt_class__max_leaf_nodes': 7}",5,7,0.459459459,0.125,-72.79411765
346,"{'dt_class__max_depth': 5, 'dt_class__max_leaf_nodes': 7}",5,7,0.324324324,0.5,54.16666667
347,"{'dt_class__max_depth': 5, 'dt_class__max_leaf_nodes': 7}",5,7,0.828828829,0.75,-9.510869565
348,"{'dt_class__max_depth': 5, 'dt_class__max_leaf_nodes': 7}",5,7,0.513513514,0,-100
349,"{'dt_class__max_depth': 5, 'dt_class__max_leaf_nodes': 7}",5,7,0.45045045,0.25,-44.5
350,"{'dt_class__max_depth': 5, 'dt_class__max_leaf_nodes': 7}",5,7,0.396396396,0.375,-5.397727273
351,"{'dt_class__max_depth': 5, 'dt_class__max_leaf_nodes': 7}",5,7,0.63963964,0.625,-2.288732394
352,"{'dt_class__max_depth': 5, 'dt_class__max_leaf_nodes': 7}",5,7,0.486486486,0.25,-48.61111111
353,"{'dt_class__max_depth': 5, 'dt_class__max_leaf_nodes': 7}",5,7,0.558558559,0.625,11.89516129
354,"{'dt_class__max_depth': 5, 'dt_class__max_leaf_nodes': 7}",5,7,0.495495495,0.375,-24.31818182
355,"{'dt_class__max_depth': 5, 'dt_class__max_leaf_nodes': 7}",5,7,0.648648649,0.625,-3.645833333
356,"{'dt_class__max_depth': 5, 'dt_class__max_leaf_nodes': 7}",5,7,0.666666667,0.875,31.25
357,"{'dt_class__max_depth': 5, 'dt_class__max_leaf_nodes': 7}",5,7,0.720720721,0.125,-82.65625
358,"{'dt_class__max_depth': 5, 'dt_class__max_leaf_nodes': 7}",5,7,0.396396396,0.25,-36.93181818
359,"{'dt_class__max_depth': 5, 'dt_class__max_leaf_nodes': 7}",5,7,0.526785714,0.285714286,-45.76271186
360,"{'dt_class__max_depth': 6, 'dt_class__max_leaf_nodes': 2}",6,2,0.603603604,0.5,-17.1641791
361,"{'dt_class__max_depth': 6, 'dt_class__max_leaf_nodes': 2}",6,2,0.738738739,0.75,1.524390244
362,"{'dt_class__max_depth': 6, 'dt_class__max_leaf_nodes': 2}",6,2,0.594594595,0.625,5.113636364
363,"{'dt_class__max_depth': 6, 'dt_class__max_leaf_nodes': 2}",6,2,0.765765766,0.375,-51.02941176
364,"{'dt_class__max_depth': 6, 'dt_class__max_leaf_nodes': 2}",6,2,0.747747748,0.5,-33.13253012
365,"{'dt_class__max_depth': 6, 'dt_class__max_leaf_nodes': 2}",6,2,0.72972973,0.75,2.777777778
366,"{'dt_class__max_depth': 6, 'dt_class__max_leaf_nodes': 2}",6,2,0.603603604,0.5,-17.1641791
367,"{'dt_class__max_depth': 6, 'dt_class__max_leaf_nodes': 2}",6,2,0.585585586,0.75,28.07692308
368,"{'dt_class__max_depth': 6, 'dt_class__max_leaf_nodes': 2}",6,2,0.423423423,0.25,-40.95744681
369,"{'dt_class__max_depth': 6, 'dt_class__max_leaf_nodes': 2}",6,2,0.792792793,0.75,-5.397727273
370,"{'dt_class__max_depth': 6, 'dt_class__max_leaf_nodes': 2}",6,2,0.603603604,0.5,-17.1641791
371,"{'dt_class__max_depth': 6, 'dt_class__max_leaf_nodes': 2}",6,2,0.738738739,0.75,1.524390244
372,"{'dt_class__max_depth': 6, 'dt_class__max_leaf_nodes': 2}",6,2,0.603603604,0.5,-17.1641791
373,"{'dt_class__max_depth': 6, 'dt_class__max_leaf_nodes': 2}",6,2,0.414414414,0.375,-9.510869565
374,"{'dt_class__max_depth': 6, 'dt_class__max_leaf_nodes': 2}",6,2,0.419642857,0.285714286,-31.91489362
375,"{'dt_class__max_depth': 6, 'dt_class__max_leaf_nodes': 3}",6,3,0,0,NaN
376,"{'dt_class__max_depth': 6, 'dt_class__max_leaf_nodes': 3}",6,3,0,0,NaN
377,"{'dt_class__max_depth': 6, 'dt_class__max_leaf_nodes': 3}",6,3,0,0,NaN
378,"{'dt_class__max_depth': 6, 'dt_class__max_leaf_nodes': 3}",6,3,0,0,NaN
379,"{'dt_class__max_depth': 6, 'dt_class__max_leaf_nodes': 3}",6,3,0.603603604,0.5,-17.1641791
380,"{'dt_class__max_depth': 6, 'dt_class__max_leaf_nodes': 3}",6,3,0.594594595,0.625,5.113636364
381,"{'dt_class__max_depth': 6, 'dt_class__max_leaf_nodes': 3}",6,3,0.603603604,0.5,-17.1641791
382,"{'dt_class__max_depth': 6, 'dt_class__max_leaf_nodes': 3}",6,3,0,0,NaN
383,"{'dt_class__max_depth': 6, 'dt_class__max_leaf_nodes': 3}",6,3,0,0,NaN
384,"{'dt_class__max_depth': 6, 'dt_class__max_leaf_nodes': 3}",6,3,0.531531532,0.25,-52.96610169
385,"{'dt_class__max_depth': 6, 'dt_class__max_leaf_nodes': 3}",6,3,0.603603604,0.5,-17.1641791
386,"{'dt_class__max_depth': 6, 'dt_class__max_leaf_nodes': 3}",6,3,0,0,NaN
387,"{'dt_class__max_depth': 6, 'dt_class__max_leaf_nodes': 3}",6,3,0,0,NaN
388,"{'dt_class__max_depth': 6, 'dt_class__max_leaf_nodes': 3}",6,3,0,0,NaN
389,"{'dt_class__max_depth': 6, 'dt_class__max_leaf_nodes': 3}",6,3,0,0,NaN
390,"{'dt_class__max_depth': 6, 'dt_class__max_leaf_nodes': 4}",6,4,0.522522523,0.25,-52.15517241
391,"{'dt_class__max_depth': 6, 'dt_class__max_leaf_nodes': 4}",6,4,0.63963964,0.625,-2.288732394
392,"{'dt_class__max_depth': 6, 'dt_class__max_leaf_nodes': 4}",6,4,0.477477477,0.5,4.716981132
393,"{'dt_class__max_depth': 6, 'dt_class__max_leaf_nodes': 4}",6,4,0.666666667,0.25,-62.5
394,"{'dt_class__max_depth': 6, 'dt_class__max_leaf_nodes': 4}",6,4,0.540540541,0.375,-30.625
395,"{'dt_class__max_depth': 6, 'dt_class__max_leaf_nodes': 4}",6,4,0.477477477,0.375,-21.46226415
396,"{'dt_class__max_depth': 6, 'dt_class__max_leaf_nodes': 4}",6,4,0.486486486,0.375,-22.91666667
397,"{'dt_class__max_depth': 6, 'dt_class__max_leaf_nodes': 4}",6,4,0.495495495,0.625,26.13636364
398,"{'dt_class__max_depth': 6, 'dt_class__max_leaf_nodes': 4}",6,4,0.414414414,0.625,50.81521739
399,"{'dt_class__max_depth': 6, 'dt_class__max_leaf_nodes': 4}",6,4,0.531531532,0.25,-52.96610169
400,"{'dt_class__max_depth': 6, 'dt_class__max_leaf_nodes': 4}",6,4,0.495495495,0.375,-24.31818182
401,"{'dt_class__max_depth': 6, 'dt_class__max_leaf_nodes': 4}",6,4,0.630630631,0.75,18.92857143
402,"{'dt_class__max_depth': 6, 'dt_class__max_leaf_nodes': 4}",6,4,0.486486486,0.5,2.777777778
403,"{'dt_class__max_depth': 6, 'dt_class__max_leaf_nodes': 4}",6,4,0,0,NaN
404,"{'dt_class__max_depth': 6, 'dt_class__max_leaf_nodes': 4}",6,4,0.4375,0.571428571,30.6122449
405,"{'dt_class__max_depth': 6, 'dt_class__max_leaf_nodes': 5}",6,5,0.756756757,0.375,-50.44642857
406,"{'dt_class__max_depth': 6, 'dt_class__max_leaf_nodes': 5}",6,5,0.387387387,0.5,29.06976744
407,"{'dt_class__max_depth': 6, 'dt_class__max_leaf_nodes': 5}",6,5,0.477477477,0.5,4.716981132
408,"{'dt_class__max_depth': 6, 'dt_class__max_leaf_nodes': 5}",6,5,0.594594595,0.125,-78.97727273
409,"{'dt_class__max_depth': 6, 'dt_class__max_leaf_nodes': 5}",6,5,0.540540541,0.375,-30.625
410,"{'dt_class__max_depth': 6, 'dt_class__max_leaf_nodes': 5}",6,5,0.603603604,0.5,-17.1641791
411,"{'dt_class__max_depth': 6, 'dt_class__max_leaf_nodes': 5}",6,5,0.486486486,0.375,-22.91666667
412,"{'dt_class__max_depth': 6, 'dt_class__max_leaf_nodes': 5}",6,5,0.711711712,0.625,-12.1835443
413,"{'dt_class__max_depth': 6, 'dt_class__max_leaf_nodes': 5}",6,5,0.279279279,0.5,79.03225806
414,"{'dt_class__max_depth': 6, 'dt_class__max_leaf_nodes': 5}",6,5,0.459459459,0.125,-72.79411765
415,"{'dt_class__max_depth': 6, 'dt_class__max_leaf_nodes': 5}",6,5,0.495495495,0.375,-24.31818182
416,"{'dt_class__max_depth': 6, 'dt_class__max_leaf_nodes': 5}",6,5,0.261261261,0.125,-52.15517241
417,"{'dt_class__max_depth': 6, 'dt_class__max_leaf_nodes': 5}",6,5,0.72972973,0.625,-14.35185185
418,"{'dt_class__max_depth': 6, 'dt_class__max_leaf_nodes': 5}",6,5,0.315315315,0.25,-20.71428571
419,"{'dt_class__max_depth': 6, 'dt_class__max_leaf_nodes': 5}",6,5,0.758928571,0.571428571,-24.70588235
420,"{'dt_class__max_depth': 6, 'dt_class__max_leaf_nodes': 6}",6,6,0.63963964,0.375,-41.37323944
421,"{'dt_class__max_depth': 6, 'dt_class__max_leaf_nodes': 6}",6,6,0.387387387,0.5,29.06976744
422,"{'dt_class__max_depth': 6, 'dt_class__max_leaf_nodes': 6}",6,6,0.558558559,0.5,-10.48387097
423,"{'dt_class__max_depth': 6, 'dt_class__max_leaf_nodes': 6}",6,6,0.459459459,0,-100
424,"{'dt_class__max_depth': 6, 'dt_class__max_leaf_nodes': 6}",6,6,0.540540541,0.375,-30.625
425,"{'dt_class__max_depth': 6, 'dt_class__max_leaf_nodes': 6}",6,6,0.477477477,0.375,-21.46226415
426,"{'dt_class__max_depth': 6, 'dt_class__max_leaf_nodes': 6}",6,6,0.387387387,0.25,-35.46511628
427,"{'dt_class__max_depth': 6, 'dt_class__max_leaf_nodes': 6}",6,6,0.486486486,0.25,-48.61111111
428,"{'dt_class__max_depth': 6, 'dt_class__max_leaf_nodes': 6}",6,6,0.594594595,0.625,5.113636364
429,"{'dt_class__max_depth': 6, 'dt_class__max_leaf_nodes': 6}",6,6,0.594594595,0.375,-36.93181818
430,"{'dt_class__max_depth': 6, 'dt_class__max_leaf_nodes': 6}",6,6,0.756756757,0.625,-17.41071429
431,"{'dt_class__max_depth': 6, 'dt_class__max_leaf_nodes': 6}",6,6,0.603603604,0.75,24.25373134
432,"{'dt_class__max_depth': 6, 'dt_class__max_leaf_nodes': 6}",6,6,0.648648649,0.125,-80.72916667
433,"{'dt_class__max_depth': 6, 'dt_class__max_leaf_nodes': 6}",6,6,0.522522523,0.375,-28.23275862
434,"{'dt_class__max_depth': 6, 'dt_class__max_leaf_nodes': 6}",6,6,0.723214286,0.571428571,-20.98765432
435,"{'dt_class__max_depth': 6, 'dt_class__max_leaf_nodes': 7}",6,7,0.459459459,0.125,-72.79411765
436,"{'dt_class__max_depth': 6, 'dt_class__max_leaf_nodes': 7}",6,7,0.576576577,0.625,8.3984375
437,"{'dt_class__max_depth': 6, 'dt_class__max_leaf_nodes': 7}",6,7,0.828828829,0.75,-9.510869565
438,"{'dt_class__max_depth': 6, 'dt_class__max_leaf_nodes': 7}",6,7,0.513513514,0,-100
439,"{'dt_class__max_depth': 6, 'dt_class__max_leaf_nodes': 7}",6,7,0.45045045,0.25,-44.5
440,"{'dt_class__max_depth': 6, 'dt_class__max_leaf_nodes': 7}",6,7,0.396396396,0.375,-5.397727273
441,"{'dt_class__max_depth': 6, 'dt_class__max_leaf_nodes': 7}",6,7,0.63963964,0.625,-2.288732394
442,"{'dt_class__max_depth': 6, 'dt_class__max_leaf_nodes': 7}",6,7,0.486486486,0.25,-48.61111111
443,"{'dt_class__max_depth': 6, 'dt_class__max_leaf_nodes': 7}",6,7,0.558558559,0.625,11.89516129
444,"{'dt_class__max_depth': 6, 'dt_class__max_leaf_nodes': 7}",6,7,0.495495495,0.375,-24.31818182
445,"{'dt_class__max_depth': 6, 'dt_class__max_leaf_nodes': 7}",6,7,0.648648649,0.625,-3.645833333
446,"{'dt_class__max_depth': 6, 'dt_class__max_leaf_nodes': 7}",6,7,0.495495495,0.625,26.13636364
447,"{'dt_class__max_depth': 6, 'dt_class__max_leaf_nodes': 7}",6,7,0.720720721,0.125,-82.65625
448,"{'dt_class__max_depth': 6, 'dt_class__max_leaf_nodes': 7}",6,7,0.396396396,0.25,-36.93181818
449,"{'dt_class__max_depth': 6, 'dt_class__max_leaf_nodes': 7}",6,7,0.526785714,0.285714286,-45.76271186
450,"{'dt_class__max_depth': 7, 'dt_class__max_leaf_nodes': 2}",7,2,0.603603604,0.5,-17.1641791
451,"{'dt_class__max_depth': 7, 'dt_class__max_leaf_nodes': 2}",7,2,0.738738739,0.75,1.524390244
452,"{'dt_class__max_depth': 7, 'dt_class__max_leaf_nodes': 2}",7,2,0.594594595,0.625,5.113636364
453,"{'dt_class__max_depth': 7, 'dt_class__max_leaf_nodes': 2}",7,2,0.765765766,0.375,-51.02941176
454,"{'dt_class__max_depth': 7, 'dt_class__max_leaf_nodes': 2}",7,2,0.747747748,0.5,-33.13253012
455,"{'dt_class__max_depth': 7, 'dt_class__max_leaf_nodes': 2}",7,2,0.72972973,0.75,2.777777778
456,"{'dt_class__max_depth': 7, 'dt_class__max_leaf_nodes': 2}",7,2,0.603603604,0.5,-17.1641791
457,"{'dt_class__max_depth': 7, 'dt_class__max_leaf_nodes': 2}",7,2,0.585585586,0.75,28.07692308
458,"{'dt_class__max_depth': 7, 'dt_class__max_leaf_nodes': 2}",7,2,0.423423423,0.25,-40.95744681
459,"{'dt_class__max_depth': 7, 'dt_class__max_leaf_nodes': 2}",7,2,0.792792793,0.75,-5.397727273
460,"{'dt_class__max_depth': 7, 'dt_class__max_leaf_nodes': 2}",7,2,0.603603604,0.5,-17.1641791
461,"{'dt_class__max_depth': 7, 'dt_class__max_leaf_nodes': 2}",7,2,0.738738739,0.75,1.524390244
462,"{'dt_class__max_depth': 7, 'dt_class__max_leaf_nodes': 2}",7,2,0.603603604,0.5,-17.1641791
463,"{'dt_class__max_depth': 7, 'dt_class__max_leaf_nodes': 2}",7,2,0.414414414,0.375,-9.510869565
464,"{'dt_class__max_depth': 7, 'dt_class__max_leaf_nodes': 2}",7,2,0.419642857,0.285714286,-31.91489362
465,"{'dt_class__max_depth': 7, 'dt_class__max_leaf_nodes': 3}",7,3,0,0,NaN
466,"{'dt_class__max_depth': 7, 'dt_class__max_leaf_nodes': 3}",7,3,0,0,NaN
467,"{'dt_class__max_depth': 7, 'dt_class__max_leaf_nodes': 3}",7,3,0,0,NaN
468,"{'dt_class__max_depth': 7, 'dt_class__max_leaf_nodes': 3}",7,3,0,0,NaN
469,"{'dt_class__max_depth': 7, 'dt_class__max_leaf_nodes': 3}",7,3,0.603603604,0.5,-17.1641791
470,"{'dt_class__max_depth': 7, 'dt_class__max_leaf_nodes': 3}",7,3,0.594594595,0.625,5.113636364
471,"{'dt_class__max_depth': 7, 'dt_class__max_leaf_nodes': 3}",7,3,0.603603604,0.5,-17.1641791
472,"{'dt_class__max_depth': 7, 'dt_class__max_leaf_nodes': 3}",7,3,0,0,NaN
473,"{'dt_class__max_depth': 7, 'dt_class__max_leaf_nodes': 3}",7,3,0,0,NaN
474,"{'dt_class__max_depth': 7, 'dt_class__max_leaf_nodes': 3}",7,3,0.531531532,0.25,-52.96610169
475,"{'dt_class__max_depth': 7, 'dt_class__max_leaf_nodes': 3}",7,3,0.603603604,0.5,-17.1641791
476,"{'dt_class__max_depth': 7, 'dt_class__max_leaf_nodes': 3}",7,3,0,0,NaN
477,"{'dt_class__max_depth': 7, 'dt_class__max_leaf_nodes': 3}",7,3,0,0,NaN
478,"{'dt_class__max_depth': 7, 'dt_class__max_leaf_nodes': 3}",7,3,0,0,NaN
479,"{'dt_class__max_depth': 7, 'dt_class__max_leaf_nodes': 3}",7,3,0,0,NaN
480,"{'dt_class__max_depth': 7, 'dt_class__max_leaf_nodes': 4}",7,4,0.522522523,0.25,-52.15517241
481,"{'dt_class__max_depth': 7, 'dt_class__max_leaf_nodes': 4}",7,4,0.63963964,0.625,-2.288732394
482,"{'dt_class__max_depth': 7, 'dt_class__max_leaf_nodes': 4}",7,4,0.477477477,0.5,4.716981132
483,"{'dt_class__max_depth': 7, 'dt_class__max_leaf_nodes': 4}",7,4,0.666666667,0.25,-62.5
484,"{'dt_class__max_depth': 7, 'dt_class__max_leaf_nodes': 4}",7,4,0.540540541,0.375,-30.625
485,"{'dt_class__max_depth': 7, 'dt_class__max_leaf_nodes': 4}",7,4,0.477477477,0.375,-21.46226415
486,"{'dt_class__max_depth': 7, 'dt_class__max_leaf_nodes': 4}",7,4,0.486486486,0.375,-22.91666667
487,"{'dt_class__max_depth': 7, 'dt_class__max_leaf_nodes': 4}",7,4,0.495495495,0.625,26.13636364
488,"{'dt_class__max_depth': 7, 'dt_class__max_leaf_nodes': 4}",7,4,0.414414414,0.625,50.81521739
489,"{'dt_class__max_depth': 7, 'dt_class__max_leaf_nodes': 4}",7,4,0.531531532,0.25,-52.96610169
490,"{'dt_class__max_depth': 7, 'dt_class__max_leaf_nodes': 4}",7,4,0.495495495,0.375,-24.31818182
491,"{'dt_class__max_depth': 7, 'dt_class__max_leaf_nodes': 4}",7,4,0.630630631,0.75,18.92857143
492,"{'dt_class__max_depth': 7, 'dt_class__max_leaf_nodes': 4}",7,4,0.486486486,0.5,2.777777778
493,"{'dt_class__max_depth': 7, 'dt_class__max_leaf_nodes': 4}",7,4,0,0,NaN
494,"{'dt_class__max_depth': 7, 'dt_class__max_leaf_nodes': 4}",7,4,0.4375,0.571428571,30.6122449
495,"{'dt_class__max_depth': 7, 'dt_class__max_leaf_nodes': 5}",7,5,0.756756757,0.375,-50.44642857
496,"{'dt_class__max_depth': 7, 'dt_class__max_leaf_nodes': 5}",7,5,0.387387387,0.5,29.06976744
497,"{'dt_class__max_depth': 7, 'dt_class__max_leaf_nodes': 5}",7,5,0.477477477,0.5,4.716981132
498,"{'dt_class__max_depth': 7, 'dt_class__max_leaf_nodes': 5}",7,5,0.594594595,0.125,-78.97727273
499,"{'dt_class__max_depth': 7, 'dt_class__max_leaf_nodes': 5}",7,5,0.540540541,0.375,-30.625
500,"{'dt_class__max_depth': 7, 'dt_class__max_leaf_nodes': 5}",7,5,0.603603604,0.5,-17.1641791
501,"{'dt_class__max_depth': 7, 'dt_class__max_leaf_nodes': 5}",7,5,0.486486486,0.375,-22.91666667
502,"{'dt_class__max_depth': 7, 'dt_class__max_leaf_nodes': 5}",7,5,0.711711712,0.625,-12.1835443
503,"{'dt_class__max_depth': 7, 'dt_class__max_leaf_nodes': 5}",7,5,0.279279279,0.5,79.03225806
504,"{'dt_class__max_depth': 7, 'dt_class__max_leaf_nodes': 5}",7,5,0.459459459,0.125,-72.79411765
505,"{'dt_class__max_depth': 7, 'dt_class__max_leaf_nodes': 5}",7,5,0.495495495,0.375,-24.31818182
506,"{'dt_class__max_depth': 7, 'dt_class__max_leaf_nodes': 5}",7,5,0.261261261,0.125,-52.15517241
507,"{'dt_class__max_depth': 7, 'dt_class__max_leaf_nodes': 5}",7,5,0.72972973,0.625,-14.35185185
508,"{'dt_class__max_depth': 7, 'dt_class__max_leaf_nodes': 5}",7,5,0.315315315,0.25,-20.71428571
509,"{'dt_class__max_depth': 7, 'dt_class__max_leaf_nodes': 5}",7,5,0.758928571,0.571428571,-24.70588235
510,"{'dt_class__max_depth': 7, 'dt_class__max_leaf_nodes': 6}",7,6,0.63963964,0.375,-41.37323944
511,"{'dt_class__max_depth': 7, 'dt_class__max_leaf_nodes': 6}",7,6,0.387387387,0.5,29.06976744
512,"{'dt_class__max_depth': 7, 'dt_class__max_leaf_nodes': 6}",7,6,0.558558559,0.5,-10.48387097
513,"{'dt_class__max_depth': 7, 'dt_class__max_leaf_nodes': 6}",7,6,0.459459459,0,-100
514,"{'dt_class__max_depth': 7, 'dt_class__max_leaf_nodes': 6}",7,6,0.540540541,0.375,-30.625
515,"{'dt_class__max_depth': 7, 'dt_class__max_leaf_nodes': 6}",7,6,0.477477477,0.375,-21.46226415
516,"{'dt_class__max_depth': 7, 'dt_class__max_leaf_nodes': 6}",7,6,0.387387387,0.25,-35.46511628
517,"{'dt_class__max_depth': 7, 'dt_class__max_leaf_nodes': 6}",7,6,0.486486486,0.25,-48.61111111
518,"{'dt_class__max_depth': 7, 'dt_class__max_leaf_nodes': 6}",7,6,0.594594595,0.625,5.113636364
519,"{'dt_class__max_depth': 7, 'dt_class__max_leaf_nodes': 6}",7,6,0.594594595,0.375,-36.93181818
520,"{'dt_class__max_depth': 7, 'dt_class__max_leaf_nodes': 6}",7,6,0.756756757,0.625,-17.41071429
521,"{'dt_class__max_depth': 7, 'dt_class__max_leaf_nodes': 6}",7,6,0.603603604,0.75,24.25373134
522,"{'dt_class__max_depth': 7, 'dt_class__max_leaf_nodes': 6}",7,6,0.648648649,0.125,-80.72916667
523,"{'dt_class__max_depth': 7, 'dt_class__max_leaf_nodes': 6}",7,6,0.522522523,0.375,-28.23275862
524,"{'dt_class__max_depth': 7, 'dt_class__max_leaf_nodes': 6}",7,6,0.723214286,0.571428571,-20.98765432
525,"{'dt_class__max_depth': 7, 'dt_class__max_leaf_nodes': 7}",7,7,0.459459459,0.125,-72.79411765
526,"{'dt_class__max_depth': 7, 'dt_class__max_leaf_nodes': 7}",7,7,0.576576577,0.625,8.3984375
527,"{'dt_class__max_depth': 7, 'dt_class__max_leaf_nodes': 7}",7,7,0.828828829,0.75,-9.510869565
528,"{'dt_class__max_depth': 7, 'dt_class__max_leaf_nodes': 7}",7,7,0.513513514,0,-100
529,"{'dt_class__max_depth': 7, 'dt_class__max_leaf_nodes': 7}",7,7,0.45045045,0.25,-44.5
530,"{'dt_class__max_depth': 7, 'dt_class__max_leaf_nodes': 7}",7,7,0.396396396,0.375,-5.397727273
531,"{'dt_class__max_depth': 7, 'dt_class__max_leaf_nodes': 7}",7,7,0.63963964,0.625,-2.288732394
532,"{'dt_class__max_depth': 7, 'dt_class__max_leaf_nodes': 7}",7,7,0.486486486,0.25,-48.61111111
533,"{'dt_class__max_depth': 7, 'dt_class__max_leaf_nodes': 7}",7,7,0.558558559,0.625,11.89516129
534,"{'dt_class__max_depth': 7, 'dt_class__max_leaf_nodes': 7}",7,7,0.495495495,0.375,-24.31818182
535,"{'dt_class__max_depth': 7, 'dt_class__max_leaf_nodes': 7}",7,7,0.648648649,0.625,-3.645833333
536,"{'dt_class__max_depth': 7, 'dt_class__max_leaf_nodes': 7}",7,7,0.495495495,0.625,26.13636364
537,"{'dt_class__max_depth': 7, 'dt_class__max_leaf_nodes': 7}",7,7,0.720720721,0.125,-82.65625
538,"{'dt_class__max_depth': 7, 'dt_class__max_leaf_nodes': 7}",7,7,0.396396396,0.25,-36.93181818
539,"{'dt_class__max_depth': 7, 'dt_class__max_leaf_nodes': 7}",7,7,0.526785714,0.285714286,-45.76271186
